;Class;Source;Target;Total;Lines;Statements;X..Statements;Calls;X..Comments;Classes;Methods.Class;Avg.Stmts.Method;Max.Complexity;Max.Depth;Avg.Depth;Avg.Complexity;pmdAll;pmdCoupling;pmdDesign;pmdCodeSize;pmdPriority;findbugsAll;findbugsStyle;findbugsBad;findbugsScary;ncloc;complexity;class_complexity;comment_lines;comment_lines_density;public_undocumented_api;duplicated_lines;violations;code_smells;sqale_index;sqale_debt_ratio;bugs;vulnerabilities;statements;public_api;functions;WMC;DIT;NOC;CBO;RFC;LCOM;Ca;NPM;Commits;Creation
1;AbstractField;5;0;5;292;125;18.4;40;40.8;1;23;3.43;19;3;1.77;2.09;115;0;3;5;4;0;0;0;0;144;52;52;85;37.1;2;0;4;4;56;1.3;0;0;77;20;23;23;1;3;6;39;125;4;20;29;1297466174
2;AlreadyClosedException;0;3;3;28;4;0;1;71.4;1;1;1;1;2;0.75;1;3;0;0;0;0;0;0;0;0;6;1;1;14;70;1;0;1;1;5;2.8;0;0;1;2;1;1;5;0;0;2;0;8;1;7;1269287493
3;Analyzer;3;16;19;153;49;18.4;19;45.1;1;8;3.75;4;4;1.8;2.13;41;9;4;0;3;0;0;0;0;69;26;26;56;44.8;0;0;9;9;56;2.7;0;0;24;6;9;10;1;0;4;26;27;10;5;28;1270982258
4;ArrayUtil;0;0;0;671;268;26.9;87;34.3;1;52;4.33;14;5;2.09;2.81;329;14;21;3;29;0;0;0;0;361;154;154;164;31.2;22;0;20;20;173;1.6;0;0;186;43;46;47;1;0;4;68;1079;51;42;24;1296426876
5;Attribute;0;0;0;24;2;0;0;79.2;1;0;0;0;0;0;0;1;0;0;0;0;0;0;0;0;3;0;0;13;81.3;0;0;1;1;5;5.6;0;0;0;1;0;0;1;0;0;0;0;28;0;10;1269287493
6;AttributeImpl;0;0;0;135;41;17.1;29;55.6;2;2;7.5;5;5;2.19;3.75;42;12;0;0;3;0;0;0;0;54;15;15;53;49.5;0;14;6;4;56;3.5;0;2;27;5;5;6;1;11;4;29;15;20;6;17;1297191928
7;AttributeReflector;0;0;0;34;3;0;0;76.5;1;1;0;0;1;0.33;0;6;0;0;0;0;0;0;0;0;4;0;0;18;81.8;0;0;2;2;7;5.8;0;0;0;2;1;1;1;0;0;1;0;7;1;1;1295476876
8;AttributeSource;1;0;1;538;224;25;133;29.9;5;5.6;6.18;5;9+;2.14;2;187;47;11;5;11;0;0;0;0;324;114;28.5;111;25.5;0;14;30;27;186;1.9;3;0;164;22;27;23;1;2;7;75;35;37;20;26;1298817686
9;Automaton;0;0;0;776;327;19.3;174;38.5;1;54;4.7;9;7;2.38;2.25;279;35;8;1;41;2;0;0;2;405;124;124;150;27;5;0;56;54;207;1.7;1;1;268;40;52;54;1;0;6;124;1287;17;44;9;1297191928
10;AutomatonProvider;0;0;0;50;4;0;0;82;1;1;0;0;1;0.25;0;2;0;0;0;0;0;0;0;0;5;0;0;7;58.3;0;0;2;2;7;4.7;0;0;0;2;1;1;1;0;1;1;0;3;1;1;1270581567
11;AutomatonQuery;0;0;0;205;105;21;55;27.3;7;1.43;8.1;12;6;2.37;3.3;80;2;2;6;7;0;0;0;0;135;37;18.5;45;25;0;12;4;3;38;0.9;1;0;67;2;6;5;0;2;18;41;0;8;4;8;1297191928
12;AutomatonTermsEnum;0;0;0;343;147;22.4;47;40.8;2;4;13.88;13;6;2.5;6.38;113;14;2;3;13;0;0;0;0;182;60;30;107;37;5;0;14;14;87;1.6;0;0;107;8;8;8;0;1;9;34;0;2;1;10;1297092846
13;AverageGuessMemoryModel;0;0;0;78;22;0;18;47.4;1;5;2.4;1;3;1.73;1;13;1;1;0;0;0;0;0;0;33;4;4;22;40;0;0;2;2;35;3.5;0;0;12;1;4;5;0;0;2;9;8;2;5;11;1269287493
14;AveragePayloadFunction;0;0;0;66;26;11.5;7;33.3;1;5;3.6;4;2;1.58;1.6;36;0;1;0;3;0;0;0;0;37;13;13;15;28.8;0;17;3;3;26;2.3;0;0;18;1;5;6;0;0;2;12;15;1;6;12;1293391002
15;BasicAutomata;0;0;0;242;108;6.5;103;36.8;1;9;10.56;3;3;2.33;1.5;126;11;0;3;4;0;0;0;0;138;39;39;33;19.3;0;0;21;21;40;1;0;0;106;9;13;13;1;0;5;39;78;6;8;2;1272929037
16;BasicOperations;0;0;0;852;539;24.5;300;20.5;4;7.75;15.55;20;9+;3.08;5.9;580;115;12;20;73;2;0;2;2;616;215;53.8;107;14.8;6;0;126;122;515;2.8;4;0;488;25;31;21;1;0;12;125;208;6;18;10;1296400215
17;Bits;0;0;0;61;15;0;1;31.1;3;2.67;0;0;3;1.86;0;25;0;1;0;1;0;0;0;0;30;6;2;13;30.2;10;0;9;7;40;4.4;0;2;6;11;8;3;1;0;0;3;3;85;2;2;1285443157
18;BitsSlice;0;0;0;46;17;5.9;2;39.1;1;3;3;2;3;1.47;1.33;15;0;0;0;0;0;0;0;0;22;5;5;14;38.9;3;0;2;1;5;0.8;0;1;9;4;3;4;1;0;2;13;0;1;3;1;1270581567
19;BitUtil;0;0;0;817;428;9.1;35;20.9;1;15;27.33;9;4;3.08;3.6;524;9;2;6;118;1;0;0;1;554;64;64;136;19.7;1;412;267;265;1263;7.6;0;2;409;15;15;16;1;0;0;17;108;2;14;22;1288826101
20;BitVector;30;0;30;283;143;16.1;53;29.3;1;19;6;6;4;2.05;2.32;93;2;2;1;5;0;0;0;0;189;55;55;74;28.1;1;0;13;12;76;1.3;1;0;109;13;19;20;1;0;4;43;0;5;13;26;1270581567
21;BlockTermsReader;0;0;0;878;397;15.6;137;23.9;5;8;7.38;42;9+;4.04;2.67;251;3;6;7;25;5;1;4;5;534;123;24.6;203;27.5;3;0;86;84;553;3.5;2;0;289;4;40;15;0;0;15;44;65;5;7;5;1297938719
22;BlockTermState;0;0;0;56;20;0;3;53.6;1;2;4;1;2;1.15;1;17;1;0;0;0;0;0;0;0;25;2;2;24;49;5;0;9;9;67;8.9;0;0;8;6;2;4;0;3;2;15;2;8;3;3;1297938719
23;BlockTermsWriter;0;0;0;315;160;10.6;66;16.8;3;4;9;6;6;2.56;2.42;118;13;3;0;9;0;0;0;0;214;31;10.3;46;17.7;3;0;20;20;83;1.3;0;0;109;4;12;6;0;0;13;33;1;3;3;2;1297938719
24;BooleanClause;0;0;0;107;36;2.8;4;31.8;2;6.5;1.31;4;4;1.78;1.3;21;0;1;0;0;0;0;0;0;48;15;7.5;27;36;2;0;2;2;7;0.5;0;0;17;5;6;10;1;0;2;19;0;5;10;29;1297191928
25;BooleanQuery;0;0;0;479;235;23.4;165;25.9;3;9.67;6.41;14;6;2.97;3.17;277;65;11;13;36;0;0;0;0;314;104;34.7;98;23.8;2;0;27;23;151;1.6;4;0;185;14;27;22;0;0;9;58;47;12;19;96;1295896411
26;BooleanScorer;0;0;0;378;182;15.4;40;26.2;6;4;4.92;10;6;2.65;2.38;195;11;21;3;1;1;0;0;1;242;59;9.8;93;27.8;6;0;29;27;141;1.9;2;0;117;6;23;9;0;0;11;31;6;1;7;44;1295555804
27;BooleanScorer2;0;0;0;0;0;0;0;0;0;0;0;0;0;0;0;123;3;8;1;5;2;2;0;2;221;54;18;78;26.1;0;0;11;9;46;0.7;2;0;89;0;22;19;0;0;16;45;65;5;8;39;1295555804
28;BoostAttribute;0;0;0;38;7;0;0;76.3;1;2;0;0;1;0.29;0;9;0;0;0;0;0;0;0;0;8;0;0;24;75;0;0;1;1;5;2.1;0;0;0;3;2;2;1;0;1;2;1;6;2;8;1296426876
29;BoostAttributeImpl;0;0;0;45;12;0;1;42.2;1;4;1;1;2;1.08;1;10;1;0;0;0;0;0;0;0;19;2;2;14;42.4;0;0;1;1;5;0.9;0;0;4;1;2;5;0;0;2;7;0;0;5;11;1295476876
30;BufferedDeletes;5;0;5;244;107;17.8;66;24.6;2;7.5;4.87;7;4;1.77;2.82;102;7;5;1;4;0;0;0;0;149;41;41;56;27.3;5;0;20;19;76;1.7;1;0;67;5;12;13;1;0;7;49;0;10;7;23;1296516902
31;BufferedDeletesStream;20;0;20;465;244;18.9;120;17.2;3;6.67;9.65;21;7;2.86;3.37;174;19;13;9;29;3;1;2;3;317;78;26;75;19.1;15;0;45;44;268;2.8;1;0;196;16;17;18;1;0;25;92;0;4;10;4;1297940445
32;BufferedIndexInput;0;0;0;303;157;22.9;35;22.1;1;20;6.3;11;5;2.5;2.9;95;0;2;1;4;1;0;0;1;210;63;63;58;21.6;0;0;10;10;108;1.7;0;0;116;3;21;23;0;2;2;43;0;3;16;21;1295583005
33;BufferedIndexOutput;0;0;0;139;51;17.6;14;41;1;7;5;9;6;2.53;2.29;30;0;0;0;2;0;0;0;0;70;15;15;47;40.2;0;0;2;2;15;0.7;0;0;33;1;9;10;0;1;1;12;17;1;8;14;1269287493
34;Builder;0;0;0;524;272;16.2;77;22.7;5;4.8;8.96;50;5;2.64;5.25;212;34;6;5;28;0;0;0;0;337;73;14.6;107;24.1;21;0;48;48;273;2.7;0;0;201;25;24;17;1;0;12;58;2;4;9;5;1298740033
35;ByteArrayDataInput;0;0;0;111;46;4.3;2;17.1;1;13;2.23;2;3;1.74;1.15;43;0;0;1;2;2;0;0;2;74;14;14;16;17.8;5;0;4;4;45;2;0;0;30;6;12;14;0;0;1;18;0;9;13;2;1295549635
36;ByteBlockPool;0;0;0;202;91;8.8;18;28.7;3;4;4.83;4;3;1.91;1.67;71;2;10;0;0;2;0;0;2;111;19;6.3;50;31.1;18;0;20;15;77;2.3;1;4;57;19;13;7;1;0;4;16;0;10;6;18;1292211129
37;ByteFieldSource;0;0;0;115;31;3.2;14;41.7;1;9;1.67;1;2;1.03;1;41;3;0;0;5;0;0;0;0;56;14;14;35;38.5;0;27;3;3;45;2.7;0;0;15;3;6;6;0;0;6;16;3;2;6;25;1269287493
38;ByteRunAutomaton;0;0;0;43;14;14.3;5;46.5;1;3;3;3;3;1.71;2;18;1;0;0;1;0;0;0;0;18;7;7;14;43.8;1;0;2;2;6;1.1;0;0;9;4;3;3;0;0;3;7;3;3;3;2;1297016220
39;ByteSequenceOutputs;8;0;8;137;71;19.7;14;18.2;1;9;6.11;7;3;2.06;2.56;39;0;3;0;4;0;0;0;0;95;30;30;19;16.7;1;16;3;3;27;0.9;0;0;52;2;8;17;0;0;4;33;98;0;15;1;1292168168
40;ByteSliceReader;0;0;0;141;75;14.7;8;19.9;1;6;9.17;4;4;2.09;2.83;46;0;0;0;2;0;0;0;0;91;13;13;24;20.9;7;0;7;7;50;1.8;0;0;53;7;6;8;0;0;3;13;0;5;6;11;1286023472
41;ByteSliceWriter;0;0;0;86;34;8.8;2;29.1;1;4;6;4;5;2.47;2.25;21;0;0;0;0;0;0;0;0;47;8;8;18;27.7;1;0;1;1;5;0.4;0;0;23;2;5;6;0;0;2;10;0;0;5;9;1286023472
42;BytesRef;0;6;6;367;171;15.8;33;24.5;3;9.33;4.46;9;7;2.3;2.04;129;2;4;1;19;7;0;5;7;222;63;21;72;24.5;11;37;28;24;187;2.8;1;3;123;23;26;26;1;0;4;44;139;184;24;15;1297191928
43;BytesRefFSTEnum;0;0;0;107;47;8.5;9;24.3;2;5;2.7;3;3;1.66;1.4;25;0;0;0;0;0;0;0;0;65;16;8;21;24.4;5;12;6;6;51;2.6;0;0;25;9;10;10;0;0;4;17;7;3;5;3;1294224724
44;BytesRefHash;0;0;0;551;242;13.2;58;33.8;5;5.4;6.93;12;6;2.67;2.41;148;10;2;3;28;2;1;0;2;314;70;17.5;126;28.6;5;0;19;16;124;1.3;3;0;174;23;27;18;1;0;8;47;17;9;14;7;1298642592
45;ByteValuesCreator;0;0;0;146;60;0;38;12.3;2;3;6;1;3;1.52;1;46;0;1;5;10;0;0;0;0;112;26;26;14;11.1;3;22;9;8;74;2.2;0;1;51;3;8;10;0;0;16;28;25;3;9;5;1294225344
46;CachedArray;0;0;0;78;42;0;1;34.6;7;1;1.29;1;3;1.57;1;49;0;0;0;0;6;0;0;6;39;7;1;19;32.8;17;0;11;11;105;9;0;0;15;19;8;2;1;6;1;3;1;20;2;2;1285538458
47;CachedArrayCreator;0;0;0;151;74;21.6;28;17.2;1;7;6.43;7;6;2.08;3.57;44;0;0;0;3;0;0;0;0;110;30;30;18;14.1;7;0;6;4;30;0.9;0;2;46;8;10;10;0;6;15;34;39;14;7;6;1291686380
48;CachingSpanFilter;0;0;0;112;44;6.8;14;28.6;2;4.5;3;3;4;1.6;1.44;34;4;2;0;0;0;0;0;0;61;18;18;19;23.8;0;0;5;5;18;1;0;0;25;3;8;8;0;0;9;24;8;1;7;18;1295877066
49;CachingTokenFilter;0;11;11;86;32;15.6;14;33.7;1;5;3.4;3;3;1.53;2;19;0;0;0;0;0;0;0;0;46;11;11;22;32.4;1;0;2;2;6;0.4;0;0;17;2;5;5;0;0;3;15;0;1;4;16;1269287493
50;CachingWrapperFilter;0;0;0;235;84;19;29;38.3;4;2.75;5.45;8;7;2.46;2.22;63;3;3;0;0;0;0;0;0;113;32;10.7;71;38.6;2;0;11;11;35;1;0;0;52;6;11;7;0;0;10;25;1;1;6;34;1297191928
51;CharacterRunAutomaton;0;0;0;51;20;20;8;43.1;1;3;5;3;3;1.95;2.33;30;0;0;0;10;0;0;0;0;24;9;9;14;36.8;1;0;9;7;57;7.9;2;0;15;4;3;3;0;0;2;9;1;0;3;1;1272929037
52;CharacterUtils;0;0;0;286;52;1.9;35;52.8;1;2;20.5;1;2;1.71;1;47;1;2;0;1;1;0;0;1;107;26;6.5;110;50.7;0;0;1;1;5;0.2;0;0;40;9;18;8;1;2;4;14;26;3;7;6;1269287493
53;CharReader;0;0;0;71;20;0;7;31;1;7;1.14;1;2;1.2;1;19;0;0;0;0;0;0;0;0;37;9;9;4;9.8;1;0;2;2;10;0.9;0;0;8;2;8;8;0;0;1;14;0;1;7;16;1269287493
54;CharStream;0;0;0;112;14;0;0;73.2;1;12;0;0;1;0.86;0;12;0;0;0;0;0;0;0;0;5;0;0;11;68.8;0;0;1;1;5;3.3;0;0;0;2;1;12;1;0;0;12;66;4;12;59;1291116159
56;CharTermAttribute;0;0;0;91;14;0;0;70.3;1;11;0;0;1;0.79;0;26;0;0;0;0;0;0;0;0;15;0;0;51;77.3;3;0;4;4;20;4.4;0;0;0;12;11;14;1;0;1;11;91;4;14;2;1271673925
57;CharTermAttributeImpl;0;0;0;260;146;18.5;55;17.3;1;24;4.58;17;5;1.99;2.29;114;13;0;5;2;2;0;0;2;186;69;69;37;16.6;15;0;7;7;65;1.2;0;0;108;16;24;29;0;1;7;55;0;1;26;9;1297191928
58;CharTokenizer;0;0;0;202;69;14.5;29;52.5;1;7;6.29;11;6;2.17;2.43;65;0;7;4;6;0;0;0;0;90;17;17;87;49.2;0;0;18;17;122;4.5;1;0;46;4;8;9;0;0;9;31;4;0;6;34;1291116159
59;CheckIndex;17;0;17;1058;537;23.1;254;20.4;7;2.14;29.53;48;9+;3.54;10.21;400;117;9;15;57;21;20;0;21;680;168;24;172;20.2;1;0;159;116;1208;5.9;0;43;430;59;13;15;1;0;33;127;41;0;7;60;1295549635
60;ChecksumIndexInput;0;0;0;76;27;0;10;27.6;1;8;1.5;1;2;1.26;1;26;0;0;0;0;0;0;0;0;43;9;9;15;25.9;2;0;2;1;5;0.4;0;1;12;3;8;8;0;0;1;19;0;1;8;9;1269287493
61;ChecksumIndexOutput;0;0;0;102;36;0;18;32.4;1;11;1.64;1;2;1.36;1;28;0;0;0;0;0;0;0;0;55;12;12;25;31.3;2;0;2;1;5;0.3;0;1;18;5;11;11;0;0;1;25;0;1;11;10;1269287493
62;CloseableThreadLocal;0;0;0;107;35;20;16;46.7;1;5;4.4;5;4;1.94;2.8;33;3;1;0;0;0;0;0;0;44;12;12;41;48.2;3;0;5;5;17;1.3;0;0;20;4;4;5;1;1;0;21;0;8;4;14;1269287493
63;Codec;0;0;0;71;23;8.7;12;45.1;1;3;2;3;3;1;1.67;20;4;1;0;0;0;0;0;0;29;4;4;25;46.3;2;0;6;4;35;4;0;2;5;8;7;9;1;5;6;17;36;14;8;6;1289840486
64;CodecProvider;0;0;0;161;60;16.7;20;36.6;1;12;2.75;5;4;1.65;1.83;54;1;12;0;1;0;0;0;0;80;21;21;41;33.9;2;0;9;7;17;0.7;0;2;32;6;5;14;1;1;6;32;49;18;13;20;1297347587
65;CodecUtil;20;0;20;81;33;15.2;16;27.2;1;4;5;5;3;1.52;2.25;18;1;1;0;2;0;0;0;0;44;14;14;16;26.7;3;0;3;3;12;0.9;0;0;20;4;4;4;1;0;5;20;6;15;3;4;1288826101
66;CollectionUtil;0;0;0;160;43;4.7;36;40.6;1;15;1.93;2;2;0.7;1.2;65;7;2;0;0;0;0;0;0;72;21;21;46;39;0;0;5;5;55;2.5;0;0;20;7;9;9;1;0;3;17;36;3;6;2;1296426876
67;Collector;0;0;0;176;9;0;4;89.2;1;0;0;0;1;0.44;0;9;0;0;0;0;0;0;0;0;10;0;0;119;92.2;0;0;2;2;15;5;0;0;0;5;4;5;1;7;2;6;10;17;5;14;1294820532
68;ComplexExplanation;0;0;0;71;19;5.3;11;52.1;1;6;1.67;2;2;1.42;1.17;16;1;1;0;0;0;0;0;0;26;8;8;26;50;2;0;2;2;6;0.8;0;0;10;3;4;6;0;0;1;18;9;11;5;12;1269287493
69;CompoundFileReader;0;0;0;330;140;12.1;52;20;3;8.33;3.68;11;5;2.27;1.72;115;1;10;3;3;0;0;0;0;209;51;17;57;21.4;2;0;10;10;82;1.3;0;0;89;4;23;17;0;0;8;49;80;6;17;40;1292065621
70;CompoundFileWriter;0;0;0;239;96;13.5;33;38.1;2;3.5;9.43;7;4;2.04;2.86;100;16;9;0;5;0;0;0;0;115;26;13;78;40.4;0;0;4;4;12;0.3;0;0;66;2;5;8;1;0;8;46;6;2;5;26;1295889977
71;CompressionTools;0;0;0;126;50;4;31;33.3;1;8;4.25;2;4;1.88;1.25;25;0;1;0;2;0;0;0;0;62;10;10;37;37.4;0;0;1;1;5;0.3;0;0;32;8;8;8;1;0;3;30;28;0;7;11;1272907855
72;ConcurrentMergeScheduler;0;0;0;521;223;23.8;103;26.5;2;14;6.18;12;6;2.91;3.15;161;25;15;9;12;0;0;0;0;309;93;46.5;121;28.1;4;0;25;21;138;1.5;3;1;169;10;24;22;0;0;9;73;129;2;10;49;1296426876
73;ConjunctionScorer;0;0;0;139;61;16.4;19;30.2;2;4;5.63;5;4;1.97;2.25;52;15;1;0;4;0;0;0;0;82;24;24;38;31.7;0;0;8;5;13;0.5;3;0;43;0;7;7;0;1;4;16;0;3;6;25;1295555804
74;Constants;0;9;9;89;35;17.1;20;39.3;1;2;0.5;1;4;1.63;1;32;0;16;0;0;0;0;0;0;44;8;8;29;39.7;0;0;16;16;80;6.1;0;0;14;1;2;3;1;0;1;14;3;7;0;37;1295759448
75;ConstantScoreAutoRewrite;0;0;0;222;94;4.3;63;18;1;7;9.86;1;4;2.68;1;113;6;7;0;8;0;0;0;0;150;33;11;36;19.4;2;0;16;14;71;1.6;0;2;69;2;12;13;0;1;17;35;28;1;7;4;1294868331
76;ConstantScoreQuery;0;0;0;288;112;10.7;83;16;3;4.67;6;5;5;2.95;1.85;120;13;4;0;3;0;0;0;0;205;64;21.3;38;15.6;0;0;7;7;29;0.5;0;0;85;5;25;10;0;0;7;28;0;7;10;38;1295555804
77;CoreCodecProvider;0;0;0;49;11;0;8;65.3;1;1;4;0;2;0.82;0;4;0;0;0;0;0;0;0;0;13;1;1;25;65.8;1;0;1;1;5;1.3;0;0;4;2;1;1;0;0;6;7;0;1;1;3;1297447897
78;CorruptIndexException;0;3;3;30;5;0;1;66.7;1;1;1;1;2;0.6;1;3;0;0;0;0;0;0;0;0;7;1;1;2;22.2;1;0;1;1;5;2.4;0;0;1;2;1;1;4;2;0;2;0;38;1;7;1269287493
79;CustomScoreProvider;0;0;0;162;41;19.5;13;59.9;1;5;5.8;5;3;1.76;2.6;36;5;2;0;2;0;0;0;0;55;17;17;76;58;0;0;5;5;25;1.5;0;0;29;6;5;5;1;0;2;9;10;3;5;8;1269287493
80;CustomScoreQuery;0;0;0;384;168;16.7;93;26.8;3;9;3.85;8;5;2;2.3;169;36;8;0;4;1;1;0;1;247;68;22.7;80;24.5;0;0;7;6;47;0.6;1;0;112;5;26;17;0;0;8;42;36;2;13;41;1296426876
81;DataInput;0;67;67;152;48;8.3;24;46.7;1;9;3.56;2;3;1.73;1.44;25;0;0;1;3;0;0;0;0;66;13;13;54;45;1;0;8;8;96;4.8;0;0;31;11;11;12;1;4;0;17;66;23;12;8;1295549635
82;DataOutput;8;50;58;140;57;15.8;29;38.6;1;8;4.88;5;4;1.91;2.13;35;0;2;0;1;0;0;0;0;71;15;15;40;36;1;0;6;6;27;1.3;0;0;38;11;10;12;1;3;3;29;64;12;11;7;1298598913
83;DateTools;1;0;1;255;120;31.7;79;39.6;3;3;9;9;4;2.63;3.75;124;41;2;0;2;0;0;0;0;132;47;15.7;75;36.2;0;0;16;16;100;2.5;0;0;73;8;8;9;1;0;3;29;24;1;6;23;1295996178
84;DefaultSegmentInfosReader;0;0;0;124;58;19;32;27.4;1;3;13.67;11;7;2.66;4.67;54;19;2;4;3;0;0;0;0;75;18;18;28;27.2;2;0;7;7;60;2.7;0;0;39;3;3;4;0;0;13;31;6;1;4;4;1295759448
85;DefaultSegmentInfosWriter;0;0;0;87;33;3;14;36.8;1;4;3.75;2;3;1.24;1.25;29;7;1;0;2;0;0;0;0;44;5;5;26;37.1;0;0;2;2;7;0.5;0;0;16;1;4;5;0;0;6;20;10;1;4;7;1295759448
86;DefaultSimilarity;0;0;0;99;27;7.4;8;45.5;1;9;1.56;3;2;1.41;1.22;23;0;1;0;1;0;0;0;0;41;10;10;35;46.1;0;0;2;2;10;0.8;0;0;13;6;9;10;0;0;3;16;33;1;10;18;1297466174
87;DefaultSkipListReader;0;0;0;118;54;5.6;15;28;1;8;4.13;4;4;1.61;1.38;34;0;0;0;0;0;0;0;0;68;7;7;27;28.4;2;16;5;5;40;2;0;0;32;3;5;8;0;0;2;15;0;4;5;12;1270581567
88;DefaultSkipListWriter;0;0;0;128;55;10.9;20;39.1;1;4;8.5;5;4;1.73;2.5;55;3;2;0;0;0;0;0;0;64;8;8;42;39.6;1;0;1;1;5;0.3;0;0;32;3;4;4;0;0;2;10;0;1;3;13;1270581567
89;Direct16;4;0;4;91;35;8.6;8;30.8;1;8;2.38;4;4;1.51;1.38;25;0;1;0;1;2;0;0;2;49;10;10;20;29;6;0;2;2;10;0.7;0;0;19;8;7;8;0;0;4;11;0;2;8;3;1276978828
90;Direct32;4;0;4;87;33;6.1;8;31;1;8;2.13;3;3;1.39;1.25;19;0;1;0;1;2;0;0;2;46;9;9;19;29.2;6;0;2;2;10;0.7;0;0;17;8;7;8;0;0;4;11;0;2;8;3;1276978828
91;Direct64;3;0;3;83;30;3.3;7;32.5;1;8;1.75;2;3;1.3;1.13;19;0;1;0;1;2;0;0;2;42;8;8;19;31.1;6;0;3;3;15;1.2;0;0;14;8;7;8;0;0;4;11;0;1;8;3;1276978828
92;Direct8;4;0;4;91;35;8.6;8;30.8;1;8;2.38;4;4;1.51;1.38;18;0;0;0;0;2;0;0;2;49;10;10;20;29;6;0;2;2;10;0.7;0;0;19;8;7;8;0;0;4;11;0;2;8;3;1276978828
93;Directory;2;8;10;226;49;6.1;23;58.8;1;9;2.33;2;3;1.37;1.33;31;3;0;1;1;0;0;0;0;69;13;13;101;59.4;0;0;5;5;19;0.9;0;0;19;18;19;21;1;4;6;37;194;79;19;47;1291909583
94;DirectoryReader;0;0;0;1027;501;18.2;238;19.5;3;17.67;8.64;1;9+;1.6;1;403;63;15;7;13;1;1;0;1;713;183;91.5;181;20.2;0;125;41;38;330;1.5;0;3;379;2;60;55;0;0;33;170;669;5;33;66;1297940445
95;DisjunctionMaxQuery;0;0;0;283;131;19.1;73;30.7;2;9.5;5.11;9;5;2.44;2.47;147;23;7;0;14;0;0;0;0;171;52;26;69;28.7;0;0;22;17;71;1.4;5;0;101;6;19;14;0;0;6;40;0;2;12;33;1295555804
96;DisjunctionMaxScorer;0;0;0;186;93;22.6;26;26.9;1;9;8.33;8;5;2.6;3.44;86;23;2;0;6;0;0;0;0;119;31;31;38;24.2;0;0;12;6;19;0.5;6;0;70;0;9;9;0;0;2;15;0;1;5;20;1295555804
97;DisjunctionSumScorer;0;0;0;237;79;26.6;29;43;1;11;5.09;8;5;2.2;3;43;0;0;0;1;0;0;0;0;113;43;43;84;42.6;0;0;10;7;57;1.7;3;0;56;1;11;11;0;1;4;27;0;2;9;24;1295555804
98;DocConsumer;0;0;0;28;8;0;4;57.1;1;0;0;0;1;0.5;0;11;0;0;0;0;0;0;0;0;9;0;0;12;57.1;0;0;2;2;15;5.6;0;0;0;0;4;5;1;1;3;6;10;5;0;11;1292695408
99;DocConsumerPerThread;0;0;0;34;6;0;3;64.7;1;0;0;0;1;0.5;0;9;0;0;0;0;0;0;0;0;7;0;0;18;72;0;0;2;2;15;7.1;0;0;0;0;3;4;1;1;2;5;6;5;0;8;1298314239
100;DocFieldConsumer;0;0;0;39;9;0;4;59;1;0;0;0;1;0.44;0;12;0;0;0;0;0;0;0;0;10;0;0;19;65.5;0;0;2;2;15;5;0;0;0;0;4;5;1;1;3;6;10;4;0;11;1298314239
101;DocFieldConsumerPerField;0;0;0;27;6;0;2;63;1;0;0;0;1;0.33;0;7;0;0;0;0;0;0;0;0;7;0;0;13;65;0;0;2;2;15;7.1;0;0;0;0;2;3;1;1;1;4;3;6;0;7;1269287493
102;DocFieldConsumerPerThread;0;0;0;27;7;0;4;59.3;1;0;0;0;1;0.57;0;12;0;0;0;0;0;0;0;0;8;0;0;12;60;0;0;2;2;15;6.3;0;0;0;0;4;5;1;1;3;6;10;6;0;7;1269287493
103;DocFieldProcessor;0;0;0;87;31;6.5;13;34.5;1;5;3.4;3;3;1.45;1.4;33;3;0;0;1;0;0;0;0;43;7;7;24;35.8;0;0;2;2;6;0.5;0;0;18;0;5;5;0;0;12;22;0;2;5;20;1298494959
104;DocFieldProcessorPerField;0;0;0;45;14;0;3;42.2;1;2;1.5;1;2;1;1;23;0;0;0;0;0;0;0;0;17;2;2;13;43.3;1;0;1;1;5;1;0;0;3;1;2;2;1;0;5;5;0;2;2;7;1269287493
105;DocFieldProcessorPerThread;0;0;0;307;160;14.4;64;16;1;11;11.36;17;5;2.53;3.5;166;34;5;6;5;0;0;0;0;209;39;19.5;42;16.7;1;15;17;17;95;1.5;0;0;118;1;11;9;0;0;21;52;0;6;4;22;1298314239
106;DocIdBitSet;7;0;7;83;30;0;3;28.9;2;4;1.63;1;3;1.77;1;25;0;2;0;0;0;0;0;0;45;10;5;18;28.6;1;0;1;1;5;0.4;0;0;13;3;8;4;0;0;3;6;0;0;4;11;1269287493
107;DocIdSet;0;6;6;67;18;0;2;47.8;2;3;1;1;4;2.05;1;13;0;0;0;0;0;0;0;0;26;6;6;24;48;0;0;2;2;25;3.2;0;0;6;3;2;4;1;8;2;6;6;29;3;16;1269287493
108;DocIdSetIterator;0;107;107;97;7;0;3;83.5;1;0;0;0;1;0.57;0;6;0;0;0;0;0;0;0;0;8;0;0;61;88.4;0;0;1;1;5;2.1;0;0;0;4;3;4;1;10;0;5;6;30;4;14;1296120364
109;DocInverter;0;0;0;84;34;5.9;17;22.6;1;5;4;3;4;1.74;1.4;38;0;0;0;2;0;0;0;0;46;7;7;15;24.6;0;0;5;5;9;0.7;0;0;22;0;5;5;0;0;13;23;0;2;3;14;1298314239
110;DocInverterPerField;0;0;0;198;99;16.2;38;24.7;1;3;27.33;18;9+;4.53;6.67;83;25;3;6;6;0;0;0;0;117;18;18;43;26.9;0;0;10;10;66;1.9;0;0;77;0;3;3;0;0;20;36;0;8;2;24;1295352100
111;DocInverterPerThread;0;0;0;92;40;0;17;23.9;2;3.5;2.43;1;3;1.53;1;58;1;4;0;0;1;1;0;1;54;7;3.5;18;25;1;0;2;2;5;0.3;0;0;16;1;7;5;0;0;15;18;0;8;4;15;1270581567
112;DocsAndPositionsEnum;0;1;1;48;11;0;5;47.9;1;2;1;1;2;0.82;1;6;0;0;0;0;0;0;0;0;16;4;4;19;54.3;1;0;1;1;5;1;0;0;2;4;5;6;0;10;3;8;15;43;6;4;1276701452
113;DocsEnum;4;0;4;102;36;13.9;9;43.1;2;2;5;4;4;1.78;2.25;22;0;2;0;4;0;0;0;0;45;8;4;38;45.8;3;0;4;4;11;0.8;0;0;20;8;5;6;0;9;4;10;7;50;5;3;1272648194
114;DocTermsCreator;0;0;0;171;84;15.5;30;17;2;5;5.4;12;5;2.15;2.8;64;10;2;4;11;0;0;0;0;119;23;11.5;25;17.4;4;0;10;10;71;2;0;0;54;4;9;8;0;0;19;28;16;1;8;6;1290782170
115;DocTermsIndexCreator;0;0;0;357;194;14.9;56;10.4;2;12.5;6.16;17;6;2.97;2.6;151;16;3;7;9;0;0;0;0;270;59;19.7;33;10.9;6;0;13;13;77;1;0;0;131;6;24;7;0;0;20;30;9;1;7;11;1295549635
116;Document;3;0;3;304;93;25.8;75;48.7;1;16;4.06;5;4;1.96;2.75;121;12;10;0;12;0;0;0;0;124;50;50;110;47;0;0;20;20;81;2.2;0;0;72;13;14;17;1;0;2;36;0;18;16;46;1297191928
117;DocumentsWriter;8;0;8;1218;573;18.2;228;22.1;8;6.75;8;22;8;2.83;3.22;519;34;58;11;31;10;0;0;10;767;178;25.4;239;23.8;5;0;75;63;359;1.6;8;4;420;5;56;41;1;0;37;148;404;20;3;131;1298314239
118;DocumentsWriterThreadState;0;0;0;47;17;0;2;46.8;1;2;3.5;1;2;1.24;1;24;0;0;0;0;0;0;0;0;20;2;2;18;47.4;0;0;1;1;5;0.8;0;0;7;0;2;2;1;0;5;5;0;4;1;16;1295896411
119;DocValues;0;0;0;187;46;6.5;19;58.3;1;10;2.7;6;4;1.74;1.5;36;0;4;1;1;0;0;0;0;61;18;18;73;54.5;0;0;6;6;35;1.9;0;0;27;11;12;13;1;7;1;20;64;18;11;30;1269287493
120;DoubleBarrelLRUCache;0;0;0;121;47;14.9;12;39.7;2;1.5;10.33;5;4;1.89;3.33;43;4;5;0;4;0;0;0;0;58;8;4;39;40.2;4;0;7;7;43;2.5;0;0;29;5;4;3;1;0;1;12;0;3;3;11;1296426876
121;DoubleValuesCreator;0;0;0;164;69;0;43;11.6;2;3;7.5;1;3;1.61;1;49;0;1;5;9;0;0;0;0;128;31;31;15;10.5;3;33;9;8;89;2.3;0;1;62;3;8;10;0;0;16;28;25;3;9;5;1294225344
122;DummyConcurrentLock;0;0;0;52;16;0;2;40.4;1;6;0.5;1;2;0.81;1;13;0;3;0;0;0;0;0;0;20;7;7;15;42.9;6;0;10;10;50;8.3;0;0;3;7;6;8;1;0;0;10;28;0;7;8;1269287493
123;English;0;0;0;190;142;49.3;56;14.7;1;6;22.33;43;5;3.32;8;54;3;2;6;0;1;1;0;1;160;46;46;24;13;5;121;24;24;319;6.6;0;0;105;6;6;6;1;0;0;12;15;0;5;15;1288826101
124;EntryCreator;0;0;0;72;15;6.7;8;54.2;1;3;1.67;2;3;1.13;1.33;15;4;0;0;0;0;0;0;0;23;5;5;27;54;2;0;1;1;5;0.7;0;0;5;5;6;7;1;1;2;10;21;12;7;4;1297191928
125;EntryCreatorWithOptions;0;0;0;45;12;0;1;35.6;1;4;1;1;2;1.17;1;13;0;0;0;0;0;0;0;0;20;4;4;12;37.5;3;0;1;1;5;0.8;0;0;4;4;4;4;0;3;1;5;0;3;4;2;1285538458
126;EntryKey;0;0;0;26;2;0;0;73.1;1;0;0;0;0;0;0;5;0;2;0;0;0;0;0;0;3;0;0;13;81.3;0;0;3;3;20;22.2;0;0;0;1;0;1;1;1;0;2;0;5;1;2;1285538458
127;ExactPhraseScorer;0;0;0;335;169;24.9;28;13.1;2;4.5;14.78;22;7;3.27;6.22;139;25;4;8;9;0;0;0;0;238;60;30;40;14.4;0;0;14;14;126;1.8;0;0;138;0;9;9;0;0;6;26;0;2;6;25;1295555804
128;Explanation;0;0;0;149;59;11.9;31;37.6;2;6.5;2.85;4;4;1.73;1.54;39;5;2;0;1;0;0;0;0;73;17;8.5;38;34.2;1;0;9;9;64;2.9;0;0;37;9;11;13;1;1;0;22;64;24;11;18;1297191928
129;FastCharStream;0;0;0;124;63;12.7;13;28.2;1;14;2.86;7;4;1.79;1.57;72;0;0;0;0;4;0;4;4;82;21;21;28;25.5;12;0;3;3;25;1;0;0;37;14;14;14;1;0;1;25;3;2;13;34;1269287493
130;Field;6;0;6;558;211;12.3;33;39.8;4;13;2.69;11;5;2.48;1.73;140;0;1;2;0;0;0;0;0;266;107;26.8;176;39.8;7;0;16;16;87;1.1;0;0;140;31;27;17;0;0;7;27;34;3;17;75;1297191928
131;Fieldable;5;0;5;209;29;0;0;75.1;1;22;0;0;1;0.76;0;38;0;0;0;4;0;0;0;0;30;0;0;114;79.2;0;0;1;1;5;0.6;0;0;0;23;22;22;1;0;1;22;231;20;22;26;1297466174
132;FieldCache;0;24;24;759;189;4.8;118;52.7;23;1.78;1.76;6;4;1.97;1.22;190;13;2;0;0;0;0;0;0;282;51;3.9;326;53.6;7;0;13;13;47;0.6;0;0;67;64;53;28;1;0;28;39;378;44;27;37;1297191928
133;FieldCacheImpl;0;0;0;407;126;0;187;14.7;2;1;40.5;1;3;1.68;1;211;15;9;0;8;0;0;0;0;296;66;16.5;51;14.7;28;0;17;16;59;0.7;0;1;122;30;39;32;1;0;31;65;384;2;29;60;1295995357
134;FieldCacheRangeFilter;0;0;0;610;280;20.7;108;23.1;3;10.67;8.06;13;6;1.7;4.58;409;7;19;47;33;0;0;0;0;406;195;97.5;104;20.4;0;0;51;47;527;4.3;4;0;217;20;28;26;0;7;17;44;267;7;23;26;1294747166
135;FieldCacheSanityChecker;27;0;27;424;152;17.8;104;35.8;4;4.25;3.82;8;6;2.53;2.06;153;45;3;4;15;2;0;0;2;214;50;12.5;107;33.3;3;0;30;30;73;1.1;0;0;121;9;15;8;1;0;9;51;22;1;5;17;1275079529
136;FieldCacheSource;0;0;0;109;23;4.3;8;54.1;1;5;1.6;3;3;1.13;1.4;25;0;1;0;0;0;0;0;0;38;8;8;43;53.1;0;0;1;1;5;0.4;0;0;8;5;8;8;0;4;5;11;8;4;8;29;1294902803
137;FieldCacheTermsFilter;0;0;0;183;55;12.7;15;47.5;3;3.33;3;3;6;2.49;1.7;44;1;4;0;0;0;0;0;0;79;17;5.7;68;46.3;3;0;4;4;30;1.3;0;0;28;4;10;5;0;0;8;9;0;1;4;22;1294747166
138;FieldComparator;0;0;0;1301;639;17.1;125;18.9;17;5.82;4.78;52;8;3.52;2.86;574;38;3;0;6;1;1;0;1;894;276;15.3;208;18.9;3;237;28;24;244;0.9;4;0;399;22;94;10;1;7;4;14;45;31;8;31;1295299546
139;FieldComparatorSource;0;0;0;41;4;0;1;75.6;1;0;0;0;1;0.25;0;4;0;0;0;0;0;0;0;0;6;0;0;20;76.9;0;0;2;2;15;8.3;0;0;0;2;1;2;1;0;1;3;1;1;2;12;1297191928
140;FieldDoc;0;0;0;75;16;6.3;11;64;1;3;3.33;2;3;1.56;1.33;15;0;1;0;1;1;0;0;1;22;4;4;39;63.9;0;0;2;2;15;2.3;0;0;10;4;3;3;0;0;1;11;1;4;3;20;1294253125
141;FieldDocSortedHitQueue;0;0;0;135;50;26;13;41.5;1;5;7.2;12;5;2.4;3.8;64;16;2;4;10;1;0;1;1;61;20;20;41;40.2;0;0;4;4;48;2.6;0;0;34;0;5;6;0;0;4;16;3;2;0;29;1275590285
142;FieldInfo;0;0;0;103;55;18.2;1;28.2;1;5;7.6;9;4;2.22;3;65;0;0;0;0;1;0;1;1;75;13;13;25;25;7;0;10;10;135;6;0;0;37;8;4;6;1;0;0;9;0;76;3;24;1298314239
143;FieldInfos;0;0;0;485;225;14.7;100;25.2;3;12.67;3.92;9;5;2.1;1.95;291;9;34;2;11;1;0;1;1;302;84;28;89;22.8;16;0;38;38;198;2.2;0;0;154;29;38;32;1;0;12;90;414;43;24;55;1298494959
144;FieldInvertState;0;2;2;128;45;0;0;42.2;1;13;1.69;1;2;1.42;1;45;0;1;0;0;0;0;0;0;59;13;13;21;26.3;5;0;2;2;10;0.6;0;0;22;12;13;13;1;0;1;14;34;8;12;12;1295002842
145;FieldMaskingSpanQuery;0;0;0;155;52;7.7;30;38.7;1;10;2.9;4;3;1.42;1.6;57;13;3;0;3;0;0;0;0;77;16;16;48;38.4;1;0;2;2;6;0.3;0;0;28;2;8;10;0;0;8;27;0;0;10;20;1295877066
146;FieldReaderException;0;0;0;79;9;0;3;77.2;1;4;0.75;1;2;1.11;1;9;0;1;0;0;0;0;0;0;14;4;4;41;74.5;0;0;2;2;10;2.4;0;0;3;4;4;4;4;0;0;8;6;1;4;10;1269287493
147;Fields;0;3;3;36;6;0;3;61.1;1;0;0;0;1;0.5;0;5;0;1;0;0;0;0;0;0;7;0;0;18;72;0;0;5;3;12;5.7;0;2;0;3;2;4;1;4;2;5;6;20;3;2;1294877328
148;FieldsConsumer;0;0;0;52;17;5.9;8;48.1;1;1;7;2;3;1.18;2;14;4;0;0;2;0;0;0;0;20;2;2;19;48.7;1;0;3;3;12;2;0;0;7;4;3;5;1;3;7;13;8;11;4;2;1279898785
149;FieldScoreQuery;0;0;0;125;24;16.7;13;63.2;2;2;3;5;3;1.96;2;30;1;1;0;1;0;0;0;0;35;13;6.5;68;66;0;0;1;1;5;0.5;0;0;12;3;4;2;0;0;7;12;1;0;1;11;1269287493
150;FieldSelector;0;0;0;33;3;0;0;78.8;1;1;0;0;1;0.33;0;3;0;0;0;0;0;0;0;0;4;0;0;15;78.9;0;0;2;2;7;5.8;0;0;0;2;1;1;1;0;1;1;0;11;1;12;1297191928
151;FieldSelectorResult;0;0;0;76;2;0;0;75;1;0;0;0;0;0;0;13;0;0;0;0;0;0;0;0;10;0;0;38;79.2;0;0;1;1;5;1.7;0;0;0;1;0;4;2;0;0;7;4;6;2;19;1277991686
152;FieldsEnum;0;0;0;74;17;5.9;5;47.3;2;1.5;1.67;2;3;1.33;1.33;10;0;1;0;0;0;0;0;0;25;5;5;28;52.8;0;0;8;6;19;2.5;0;2;5;4;3;5;1;8;3;8;8;20;4;1;1270581567
153;FieldSortedTermVectorMapper;0;0;0;74;24;0;7;39.2;1;6;1.67;1;2;1.25;1;29;0;1;0;0;0;0;0;0;33;4;4;19;36.5;1;0;3;3;7;0.7;0;0;10;3;4;6;0;0;4;12;3;0;6;10;1278318805
154;FieldsProducer;0;0;0;36;7;0;2;63.9;1;0;0;0;1;0.29;0;5;0;0;0;0;0;0;0;0;8;0;0;17;68;2;0;3;3;12;5;0;0;0;3;2;3;0;4;1;4;3;13;3;1;1270581567
155;FieldsReader;0;0;0;482;273;16.8;109;18;2;11.5;9.43;10;6;2.73;3.09;208;16;7;1;15;0;0;0;0;338;75;37.5;71;17.4;4;0;18;18;170;1.7;0;0;205;11;23;20;1;0;20;60;50;6;8;76;1295759448
156;FieldsWriter;0;0;0;184;102;14.7;45;16.3;1;10;7.2;5;4;2;2.5;83;0;2;0;5;0;0;0;0;126;24;24;25;16.6;0;0;8;8;55;1.5;0;0;68;0;10;11;1;0;11;40;0;3;0;36;1298314239
157;FieldValueHitQueue;0;0;0;218;78;11.5;21;35.8;4;3.25;3.92;4;5;2.24;1.69;77;4;7;0;3;0;0;0;0;103;28;7;58;36;0;0;9;9;38;1.2;0;0;50;2;14;10;0;2;7;16;29;15;1;24;1295187456
158;FileSwitchDirectory;0;0;0;156;71;12.7;38;19.9;1;15;2.93;4;4;1.69;1.6;57;7;0;0;2;0;0;0;0;103;23;23;23;18.3;1;0;4;4;8;0.3;0;0;44;3;13;15;0;0;4;40;65;0;14;18;1293391002
159;Filter;0;0;0;57;7;0;1;78.9;1;0;0;0;1;0.14;0;5;0;0;0;0;0;0;0;0;8;0;0;34;81;0;0;2;2;15;6.3;0;0;0;2;1;2;1;6;2;3;1;14;2;22;1297191928
160;FilteredDocIdSet;0;0;0;79;12;0;6;62;1;3;1;1;2;0.92;1;11;2;0;0;0;0;0;0;0;22;4;4;34;60.7;0;0;2;2;7;1.1;0;0;4;2;4;4;0;1;3;8;0;2;3;11;1269287493
161;FilteredDocIdSetIterator;0;0;0;85;29;27.6;8;37.6;1;4;4.75;6;6;2.21;3;19;0;0;0;0;0;0;0;0;44;16;16;22;33.3;0;0;4;4;19;1.4;0;0;18;2;5;5;0;1;1;9;0;1;4;13;1269287493
162;FilteredQuery;0;0;0;224;102;12.7;64;20.5;1;20;4.4;15;6;2.26;3.69;105;10;4;9;15;0;0;0;0;150;46;46;33;18;2;0;12;10;111;2.5;2;0;67;4;9;9;0;0;7;27;0;3;9;42;1295555804
163;FilteredTermsEnum;0;0;0;224;76;17.1;26;39.3;2;8;2.56;11;5;2.01;1.63;51;4;2;3;1;0;0;0;0;110;34;17;67;37.9;0;0;8;8;56;1.7;0;0;37;2;17;19;0;6;9;45;49;6;14;8;1295549635
164;FilterIndexReader;6;0;6;466;193;0;86;10.1;7;10.43;1.27;1;3;1.88;1;169;0;2;2;0;0;0;0;0;333;73;10.4;40;10.7;6;48;2;2;35;0.4;0;0;93;14;73;31;0;1;15;68;0;1;26;60;1296080277
165;FixedGapTermsIndexReader;0;0;0;433;232;11.2;89;11.8;4;5;8.3;6;8;3.25;2.35;173;15;2;0;3;1;1;0;1;295;45;11.3;47;13.7;4;0;17;15;67;0.8;2;0;160;5;19;18;0;0;14;51;107;3;9;7;1296426876
166;FixedGapTermsIndexWriter;0;0;0;238;125;10.4;47;21.4;2;5;8;5;5;2.24;2.3;110;5;1;0;8;0;0;0;0;154;25;12.5;45;22.6;1;20;12;12;54;1.2;0;0;79;2;10;7;0;0;11;25;9;1;3;7;1295549635
167;FixedIntBlockIndexInput;0;0;0;196;99;10.1;22;15.8;4;3.5;4.5;5;5;2.71;1.71;74;1;1;0;2;1;0;1;1;137;21;5.3;25;15.4;3;69;6;6;97;2.4;0;0;58;4;16;7;0;0;7;11;15;1;6;6;1297453315
168;FixedIntBlockIndexOutput;0;0;0;123;55;9.1;13;25.2;2;4;4;4;4;2.2;1.63;49;0;0;0;0;0;0;0;0;76;12;6;25;24.8;0;32;2;2;35;1.5;0;0;30;1;9;7;0;0;4;10;11;1;4;6;1297453315
169;FlagsAttribute;0;0;0;44;6;0;0;75;1;2;0;0;1;0.33;0;8;0;0;0;0;0;0;0;0;7;0;0;20;74.1;0;0;1;1;5;2.4;0;0;0;3;2;2;1;0;1;2;1;2;2;11;1269287493
170;FlagsAttributeImpl;0;0;0;78;21;9.5;1;42.3;1;6;1.83;3;3;1.48;1.33;20;1;0;0;0;0;0;0;0;34;8;8;20;37;0;0;2;1;5;0.5;1;0;11;1;4;7;0;0;2;9;0;0;7;12;1297191928
171;FloatFieldSource;0;0;0;109;29;3.4;13;43.1;1;8;1.75;1;2;1;1;38;3;0;0;4;0;0;0;0;52;13;13;34;39.5;0;0;1;1;5;0.3;0;0;14;3;6;6;0;0;6;16;3;2;6;30;1269287493
172;FloatValuesCreator;0;0;0;165;69;0;43;11.5;2;3;7.5;1;3;1.61;1;49;0;1;5;9;0;0;0;0;128;31;31;15;10.5;3;33;9;8;89;2.3;0;1;62;3;8;10;0;0;16;28;25;3;9;5;1294225344
173;FreqProxFieldMergeState;0;0;0;115;60;16.7;12;21.7;1;3;12.67;9;5;2.02;4.33;66;2;2;0;2;0;0;0;0;68;13;13;21;23.6;1;0;3;3;20;1;0;0;35;1;3;4;1;0;11;15;0;1;2;12;1286023472
174;FreqProxTermsWriter;0;0;0;343;155;23.2;53;24.8;1;4;33.5;30;8;3.5;10.5;129;42;6;7;27;0;0;0;0;191;38;38;79;29.3;0;0;22;21;142;2.5;1;0;133;0;4;6;0;0;24;60;11;1;2;23;1296516902
175;FreqProxTermsWriterPerField;0;0;0;218;121;15.7;33;14.2;2;8.5;5;8;5;2.26;2.18;135;11;9;1;1;1;0;1;1;155;33;16.5;27;14.8;2;0;18;17;80;1.7;1;0;77;2;17;15;0;0;13;33;61;3;4;20;1296400215
176;FreqProxTermsWriterPerThread;0;0;0;45;13;0;1;35.6;1;5;0.8;1;2;1.15;1;23;0;2;0;0;0;0;0;0;22;5;5;12;35.3;0;0;3;3;15;2.3;0;0;4;0;5;5;0;0;8;7;10;3;3;8;1269287493
177;FrozenBufferedDeletes;4;0;4;145;62;6.5;15;26.9;3;3.67;3.91;2;4;1.59;1.13;57;0;0;0;0;1;0;1;1;85;20;20;35;29.2;2;0;18;18;109;4.3;0;0;33;2;5;6;1;0;6;25;7;7;4;1;1296516902
178;FSDirectory;9;0;9;531;210;15.7;101;37.3;3;10.67;5.59;8;9+;3.66;2.19;135;7;7;1;11;2;0;1;2;285;86;43;165;36.7;0;0;16;12;68;0.8;1;3;142;7;30;26;0;3;14;89;149;6;20;124;1293404132
179;FSLockFactory;0;0;0;53;10;10;0;60.4;1;2;2;2;2;1.1;1.5;6;0;0;0;0;0;0;0;0;13;4;4;20;60.6;0;0;1;1;5;1.3;0;0;4;2;2;3;0;2;1;5;0;4;2;9;1296426876
180;FST;42;0;42;867;472;23.5;146;18.7;5;5.8;8.07;27;6;2.62;3.21;302;19;8;9;16;0;0;0;0;593;146;29.2;137;18.8;18;0;60;60;308;1.7;0;0;356;27;37;30;1;0;15;69;237;17;15;7;1298740268
181;FSTEnum;0;0;0;478;248;25.4;116;25.1;1;9;24.56;30;8;4.03;8.56;121;23;3;8;27;0;0;0;0;309;89;89;115;27.1;0;177;57;57;454;4.9;0;0;218;0;13;14;1;2;7;36;17;2;0;2;1298740268
182;FuzzyQuery;0;0;0;202;86;17.4;39;35.1;1;11;5.36;9;3;1.65;2.64;76;1;0;0;1;0;0;0;0;107;40;40;49;31.4;0;12;11;9;50;1.6;2;0;59;6;9;11;0;0;10;36;7;1;10;45;1291080135
183;FuzzyTermsEnum;0;0;0;617;261;16.5;106;30.1;5;7;4.83;49;6;2.37;3.8;224;23;6;6;8;0;0;0;0;357;99;19.8;155;30.3;2;0;25;23;121;1.1;2;0;161;6;33;30;0;0;21;72;227;3;15;23;1297267800
184;GrowableWriter;0;0;0;93;43;14;24;23.7;1;9;3.22;5;4;2;1.78;29;1;0;0;2;0;0;0;0;58;16;16;15;20.5;7;0;1;1;5;0.3;0;0;28;8;8;9;1;0;2;19;0;2;8;1;1275590285
185;HitQueue;0;0;0;86;11;9.1;4;68.6;1;2;2.5;1;2;1.18;1;18;0;2;0;0;0;0;0;0;20;7;7;47;70.1;0;0;1;1;5;0.8;0;0;6;0;3;5;0;0;2;7;8;3;0;13;1269287493
186;IndexableBinaryStringTools;0;0;0;239;94;24.5;5;38.5;2;2;18.5;13;6;3.15;6.25;64;0;0;4;6;1;1;0;1;138;27;13.5;73;34.6;0;0;20;19;121;2.9;1;0;76;5;7;6;1;0;1;11;9;0;4;13;1291116159
187;IndexCommit;0;0;0;130;34;14.7;22;53.1;1;4;3.75;4;3;1.41;2.5;25;6;0;0;0;0;0;0;0;42;13;13;52;55.3;2;0;2;2;10;0.8;0;0;13;12;13;15;1;3;1;19;105;12;15;22;1289510544
188;IndexDeletionPolicy;0;0;0;98;6;0;0;86.7;1;2;0;0;1;0.33;0;6;0;0;0;0;0;0;0;0;7;0;0;66;90.4;0;0;1;1;5;2.4;0;0;0;3;2;2;1;0;0;2;1;10;2;13;1269287493
189;IndexFileDeleter;0;0;0;680;287;24;139;27.9;3;12;5.94;26;7;2.74;3.22;236;13;15;6;13;0;0;0;0;402;115;38.3;158;28.2;6;16;32;31;218;1.8;0;1;213;9;35;23;1;0;10;81;75;4;8;63;1292695408
190;IndexFileNameFilter;0;0;0;69;28;32.1;12;36.2;1;2;9.5;9;4;2.04;6.5;26;5;1;0;0;0;0;0;0;37;16;16;17;31.5;2;0;5;5;24;2.2;0;0;20;3;2;2;1;0;2;14;0;1;2;17;1275222352
191;IndexFileNames;0;0;0;237;60;21.7;33;44.3;1;5;6.6;6;4;1.87;3.8;45;0;1;0;1;3;0;0;3;104;24;24;83;44.4;0;0;16;7;60;1.9;0;9;32;6;5;7;1;0;0;22;17;33;6;25;1296426876
192;IndexFormatTooNewException;0;2;2;31;4;0;1;64.5;1;1;1;1;2;0.75;1;7;0;1;0;0;0;0;0;0;7;2;2;2;22.2;1;0;2;2;10;4.8;0;0;1;2;1;1;0;0;1;6;0;6;1;1;1279637747
193;IndexFormatTooOldException;0;2;2;37;6;0;2;54.1;1;2;1;1;2;1;1;11;0;2;0;0;0;0;0;0;12;4;4;2;14.3;2;0;2;2;10;2.8;0;0;2;3;2;2;0;0;1;7;1;6;2;2;1295759448
194;IndexInput;0;32;32;74;18;11.1;7;54.1;1;1;8;3;3;1.5;3;10;0;0;0;1;0;0;0;0;22;4;4;31;58.5;0;0;4;4;17;2.6;0;0;8;6;5;7;0;6;2;15;17;80;6;22;1280470393
195;IndexNotFoundException;0;0;0;32;5;0;1;62.5;1;1;1;1;2;0.6;1;3;0;0;0;0;0;0;0;0;7;1;1;14;66.7;1;0;1;1;5;2.4;0;0;1;2;1;1;5;0;0;2;0;1;1;5;1296426876
196;IndexOutput;0;18;18;61;10;0;5;67.2;1;1;0;1;1;0.6;1;7;0;2;0;0;0;0;0;0;11;1;1;33;75;0;0;3;3;12;3.6;0;0;0;7;6;7;0;3;1;8;21;53;7;22;1270581567
197;IndexReader;4;81;85;1691;408;11;191;59.8;7;11.71;4.06;741423913;5;1.36;172424166.8;390;28;47;5;20;2;0;0;2;554;158;26.3;827;59.9;2;0;62;60;464;2.8;0;2;245;93;100;87;1;5;33;161;3643;127;72;184;1297466174
198;IndexSearcher;4;15;19;826;311;13.5;123;40.6;6;8.17;4.2;9;6;2.26;1.86;286;28;10;1;20;0;0;0;0;417;100;20;253;37.8;10;0;34;32;162;1.3;1;1;199;32;45;38;1;0;34;103;553;35;25;89;1298605476
199;IndexWriter;3;2;5;3782;1456;23.5;778;37.4;4;33.25;9.28;23;8;2.99;3.86;963;157;91;39;100;11;0;0;11;1894;546;136.5;1200;38.8;14;0;156;145;927;1.6;5;6;1185;63;127;119;1;0;46;369;4333;18;49;357;1298804814
200;IndexWriterConfig;7;0;7;596;184;4.3;80;50.7;2;20;2.65;6;3;1.55;1.4;178;4;22;0;1;1;0;0;1;244;54;27;223;47.8;0;0;42;37;161;2.2;3;2;111;22;23;41;1;0;17;61;624;6;38;21;1296158863
201;IntBlockPool;0;0;0;63;27;11.1;5;34.9;1;3;5.33;3;3;1.85;2;21;0;0;0;0;0;0;0;0;33;6;6;18;35.3;6;0;6;6;47;4.7;0;0;16;6;3;3;1;0;1;7;0;2;3;8;1273590676
202;IntFieldSource;0;0;0;115;31;3.2;14;41.7;1;9;1.67;1;2;1.03;1;41;3;0;0;5;0;0;0;0;56;14;14;35;38.5;0;27;3;3;45;2.7;0;0;15;3;6;6;0;0;6;16;3;2;6;33;1269287493
203;IntIndexInput;0;0;0;76;27;11.1;12;34.2;3;0.33;9;4;4;1.85;4;19;0;1;0;0;0;0;0;0;34;3;1;21;38.2;7;0;6;6;47;4.6;0;0;8;11;9;4;1;2;2;5;6;7;4;5;1297448203
204;IntIndexOutput;0;0;0;59;12;0;6;55.9;2;0;0;0;2;0.83;0;8;0;0;0;0;0;0;0;0;14;0;0;27;65.9;2;0;5;5;22;5.2;0;0;0;8;6;4;1;2;1;5;6;5;4;3;1297448203
205;IntSequenceOutputs;8;0;8;141;73;21.9;14;17.7;1;9;6.33;7;4;2.1;2.78;40;1;3;0;4;0;0;0;0;99;32;32;19;16.1;1;16;3;3;27;0.9;0;0;54;2;8;17;0;0;4;31;98;0;15;1;1292168168
206;IntsRef;0;0;0;140;73;19.2;16;15.7;1;12;4.67;5;5;2.11;2.17;56;2;1;0;10;4;0;3;4;99;30;30;17;14.7;9;0;10;9;96;3.2;1;0;54;11;12;13;1;0;1;22;22;18;13;4;1296400215
207;IntsRefFSTEnum;0;0;0;107;47;8.5;9;24.3;2;5;2.7;3;3;1.66;1.4;25;0;0;0;0;2;2;0;2;65;16;8;21;24.4;5;12;6;6;51;2.6;0;0;25;9;10;10;0;0;4;17;7;0;5;3;1294224724
208;IntStreamFactory;0;0;0;33;9;0;3;51.5;1;1;1;1;2;0.56;1;8;0;0;0;0;0;0;0;0;11;1;1;13;54.2;3;0;2;2;15;4.5;0;0;1;4;3;4;1;0;3;5;6;2;4;1;1270581567
209;IntValuesCreator;0;0;0;165;69;0;43;10.9;2;3;7.5;1;3;1.61;1;49;0;1;5;9;0;0;0;0;128;31;31;14;9.9;3;33;9;8;89;2.3;0;1;62;3;8;10;0;0;16;28;25;3;9;5;1294225344
210;InvertedDocConsumer;0;0;0;38;9;0;4;55.3;1;0;0;0;1;0.44;0;12;0;0;0;0;0;0;0;0;10;0;0;17;63;0;0;2;2;15;5;0;0;0;0;4;5;1;1;3;6;10;4;0;11;1298314239
211;InvertedDocConsumerPerField;0;0;0;44;9;0;5;56.8;1;0;0;0;1;0.56;0;13;0;0;0;0;0;0;0;0;10;0;0;21;67.7;0;0;2;2;15;5;0;0;0;0;5;6;1;1;1;7;15;5;0;8;1269287493
212;InvertedDocConsumerPerThread;0;0;0;27;7;0;4;59.3;1;0;0;0;1;0.57;0;12;0;0;0;0;0;0;0;0;8;0;0;12;60;0;0;2;2;15;6.3;0;0;0;0;4;5;1;1;4;6;10;6;0;7;1269287493
213;InvertedDocEndConsumer;0;0;0;28;8;0;3;57.1;1;0;0;0;1;0.38;0;10;0;0;0;0;0;0;0;0;9;0;0;12;57.1;0;0;2;2;15;5.6;0;0;0;0;3;4;1;1;3;5;6;4;0;11;1298314239
214;InvertedDocEndConsumerPerField;0;0;0;23;4;0;2;69.6;1;0;0;0;1;0.5;0;7;0;0;0;0;0;0;0;0;5;0;0;12;70.6;0;0;2;2;15;10;0;0;0;0;2;3;1;1;0;4;3;5;0;7;1269287493
215;InvertedDocEndConsumerPerThread;0;0;0;25;6;0;4;64;1;0;0;0;1;0.67;0;12;0;0;0;0;0;0;0;0;7;0;0;12;63.2;0;0;2;2;15;7.1;0;0;0;0;4;5;1;1;3;6;10;6;0;7;1269287493
216;IOUtils;0;2;2;90;29;37.9;2;50;1;3;7.33;7;4;2.31;4.67;28;2;1;0;4;0;0;0;0;36;17;17;37;50.7;0;0;2;2;25;2.3;0;0;22;3;3;3;1;0;0;5;3;4;2;4;1296426876
217;KeepOnlyLastCommitDeletionPolicy;0;0;0;50;9;11.1;4;62;1;2;2;2;3;1.22;1.5;6;1;0;0;0;0;0;0;0;13;3;3;21;61.8;0;0;1;1;5;1.3;0;0;4;3;2;3;1;0;2;7;3;2;3;11;1269287493
218;KeywordAttribute;0;0;0;49;6;0;0;75.5;1;2;0;0;1;0.33;0;3;0;0;0;0;0;0;0;0;7;0;0;25;78.1;0;0;1;1;5;2.4;0;0;0;3;2;2;1;0;1;2;1;1;2;3;1269287493
219;KeywordAttributeImpl;0;0;0;82;23;8.7;3;45.1;1;6;2;3;2;1.35;1.33;16;1;0;0;0;1;0;1;1;35;9;9;25;41.7;0;0;2;1;5;0.5;1;0;12;1;4;7;0;0;2;10;0;0;7;3;1269287493
220;Lev1ParametricDescription;0;0;0;117;42;23.8;17;35.9;1;2;14.5;11;4;2.33;6;40;0;8;0;2;0;0;0;0;68;12;12;38;35.8;0;54;20;20;107;5.2;0;0;27;0;2;3;0;0;1;7;1;1;1;1;1270581567
221;Lev2ParametricDescription;0;0;0;217;56;25;25;33.6;1;2;19.5;15;4;2.43;8;60;0;12;4;2;0;0;0;0;139;16;16;69;33.2;0;54;28;28;139;3.3;0;0;37;0;2;3;0;0;1;7;1;1;1;1;1270581567
222;LevenshteinAutomata;0;0;0;260;106;17.9;31;35.8;2;3.5;7.14;7;4;2.34;2.43;126;7;2;4;6;1;1;0;1;146;30;15;71;32.7;0;0;18;17;92;2.1;1;0;80;3;9;3;1;0;7;31;0;1;2;2;1272929037
223;LoadFirstFieldSelector;0;0;0;29;4;0;0;69;1;1;1;1;2;0.75;1;4;0;0;0;0;0;0;0;0;6;1;1;13;68.4;1;0;1;1;5;2.8;0;0;1;2;1;2;1;0;2;3;1;0;2;9;1269287493
224;Lock;2;0;2;143;47;14.9;15;46.9;2;1.5;10;9;5;2.45;4;41;1;3;0;7;1;0;0;1;58;16;8;56;49.1;0;0;7;5;34;2;1;1;28;9;7;6;1;5;2;19;13;17;5;31;1269287493
225;LockFactory;0;0;0;74;10;0;2;70.3;1;2;1;1;2;0.9;1;8;0;0;0;0;0;0;0;0;13;2;2;36;73.5;0;0;2;2;7;1.8;0;0;2;5;4;5;1;4;1;6;4;12;5;13;1269287493
226;LockObtainFailedException;0;0;0;33;5;0;1;69.7;1;1;1;1;2;0.6;1;3;0;0;0;0;0;0;0;0;7;1;1;5;41.7;1;0;1;1;5;2.4;0;0;1;2;1;1;4;0;0;2;0;8;1;8;1269287493
227;LockReleaseFailedException;0;0;0;31;5;0;1;67.7;1;1;1;1;2;0.6;1;3;0;0;0;0;0;0;0;0;7;1;1;3;30;1;0;1;1;5;2.4;0;0;1;2;1;1;4;0;0;2;0;2;1;8;1269287493
228;LockStressTest;0;0;0;110;44;22.7;24;21.8;1;1;39;12;4;2.32;12;47;10;5;5;5;0;0;0;0;67;16;16;17;20.2;1;0;13;12;141;7;1;0;34;2;1;2;1;0;5;22;1;0;2;8;1269287493
229;LockVerifyServer;0;0;0;96;46;19.6;23;27.1;1;2;18.5;10;5;2.52;5.5;51;12;1;0;9;0;0;0;0;53;10;10;19;26.4;1;0;9;7;85;5.3;1;1;35;2;2;3;1;0;0;26;3;0;2;8;1269287493
230;LogByteSizeMergePolicy;0;0;0;107;24;0;1;55.1;1;8;1.25;1;2;1.29;1;17;0;0;0;0;0;0;0;0;34;8;8;54;61.4;1;0;1;1;5;0.5;0;0;10;8;8;8;0;0;2;10;10;1;7;17;1295239623
231;LogDocMergePolicy;0;0;0;64;14;0;1;53.1;1;4;1.5;1;2;1.21;1;8;0;0;0;0;0;0;0;0;20;4;4;30;60;1;0;1;1;5;0.8;0;0;6;4;4;4;0;0;2;6;0;1;3;14;1295239623
232;LogMergePolicy;0;0;0;690;239;5.4;247;27.7;1;19;10.37;5;4;1.88;1.94;269;31;6;16;21;3;0;3;3;405;143;47.7;176;30.3;3;0;32;30;227;1.9;2;0;245;16;31;29;0;2;11;77;178;2;19;46;1297332083
233;LongValuesCreator;0;0;0;165;69;0;43;11.5;2;3;7.5;1;3;1.61;1;49;0;1;5;9;0;0;0;0;128;31;31;15;10.5;3;33;9;8;89;2.3;0;1;62;3;8;10;0;0;16;28;25;3;9;5;1294225344
234;LucenePackage;0;0;0;29;5;0;1;65.5;1;2;0.5;1;2;0.8;1;2;1;0;0;0;0;0;0;0;7;2;2;15;68.2;0;0;1;1;5;2.4;0;0;1;2;2;2;1;0;0;4;1;1;1;8;1269287493
235;MapBackedSet;0;0;0;69;20;0;7;36.2;1;7;1;1;2;1.1;1;18;1;0;0;0;0;0;0;0;34;7;7;16;32;0;0;2;2;35;3.4;0;0;7;2;7;7;3;0;0;15;0;5;7;3;1297191928
236;MapFieldSelector;0;0;0;67;18;5.6;6;49.3;1;4;1.75;2;2;1.06;1.25;14;0;1;0;0;0;0;0;0;23;6;6;22;48.9;0;0;2;2;6;0.9;0;0;8;5;4;4;1;0;2;13;0;0;4;12;1269287493
237;MapOfSets;0;0;0;82;29;13.8;12;45.1;1;4;4.5;3;3;1.62;2;12;0;0;0;0;0;0;0;0;36;5;5;23;39;0;0;3;3;7;0.6;0;0;16;4;3;4;1;0;0;12;0;1;4;10;1269287493
238;MappingMultiDocsAndPositionsEnum;3;0;3;119;56;16.1;9;19.3;1;9;3.67;9;5;2.18;2;50;2;1;0;0;0;0;0;0;81;18;18;16;16.5;0;50;6;4;50;2.1;2;0;32;1;8;10;0;0;7;20;5;1;9;3;1273851662
239;MappingMultiDocsEnum;3;0;3;99;46;17.4;5;23.2;1;6;4.5;9;5;2.3;2.33;44;0;1;0;0;0;0;0;0;64;14;14;16;20;0;50;6;4;50;2.6;2;0;26;1;5;7;0;0;5;13;7;1;6;1;1270581567
240;MatchAllDocsQuery;0;0;0;180;83;4.8;33;13.3;3;6.67;2.1;5;4;2.06;1.3;83;4;4;0;0;1;0;0;1;128;29;9.7;15;10.5;1;0;4;3;15;0.4;1;0;42;3;19;8;0;0;5;16;26;3;7;36;1295896411
241;MaxNonCompetitiveBoostAttribute;0;0;0;45;9;0;0;73.3;1;4;0;0;1;0.44;0;11;0;0;0;0;0;0;0;0;10;0;0;28;73.7;0;0;1;1;5;1.7;0;0;0;5;4;4;1;0;2;4;6;3;4;2;1294253125
242;MaxNonCompetitiveBoostAttributeImpl;0;0;0;58;21;0;2;32.8;1;6;1.5;1;2;1.24;1;18;2;0;0;0;0;0;0;0;30;2;2;14;31.8;0;0;1;1;5;0.6;0;0;9;1;2;7;0;0;3;8;0;0;7;3;1295476876
243;MaxPayloadFunction;0;0;0;69;29;17.2;8;31.9;1;5;4.2;4;3;1.69;2;36;0;1;0;1;0;0;0;0;41;16;16;15;26.8;0;20;3;3;36;2.9;0;0;20;1;5;6;0;0;2;13;15;0;6;12;1283201927
244;MemoryModel;0;0;0;48;6;0;4;70.8;1;0;0;0;1;0.67;0;3;0;0;0;0;0;0;0;0;7;0;0;19;73.1;0;0;2;2;15;7.1;0;0;0;5;4;5;1;1;0;6;10;2;5;8;1269287493
245;MergeDocIDRemapper;0;0;0;110;58;27.6;11;36.4;1;2;24;14;7;2.98;9.5;64;0;2;2;2;0;0;0;0;69;21;21;36;34.3;1;0;7;7;56;2.7;0;0;45;1;2;3;1;0;3;8;0;0;2;8;1269287493
246;MergePolicy;0;0;0;317;111;12.6;43;43.8;5;4;2.9;6;5;2.39;1.7;114;2;9;0;3;1;0;0;1;148;37;7.4;103;41;13;0;13;10;42;0.9;1;2;59;27;24;7;1;2;6;10;19;5;7;41;1297940445
247;MergeScheduler;0;0;0;38;5;0;2;65.8;1;0;0;0;1;0.4;0;3;0;0;0;0;0;0;0;0;8;0;0;19;70.4;0;0;2;2;15;6.3;0;0;0;3;2;3;1;3;2;4;3;5;3;14;1269287493
248;MergeState;0;0;0;78;36;2.8;1;44.9;2;1;3;2;4;1.22;1.5;32;0;2;0;0;2;2;0;2;41;3;1.5;28;40.6;15;0;15;15;140;11.4;0;0;6;17;2;1;1;0;6;2;0;6;1;3;1295889977
249;Message;0;0;0;36;7;0;0;55.6;1;4;0;0;1;0.57;0;9;0;0;0;0;0;0;0;0;8;0;0;14;63.6;4;0;1;1;5;2.1;0;0;0;5;4;4;1;0;0;4;6;2;4;10;1297191928
250;MessageImpl;0;0;0;70;25;8;13;28.6;1;7;1.86;4;4;1.52;1.43;19;0;0;0;0;1;0;0;1;36;10;10;14;28;6;0;1;1;5;0.5;0;0;13;7;7;7;1;0;2;14;13;0;7;13;1297191928
251;MinimizationOperations;0;0;0;255;129;2.3;105;22;1;3;40.67;2;3;1.95;1.5;188;56;0;6;20;0;0;0;0;180;50;12.5;20;10;0;0;24;24;118;2.2;0;0;124;3;7;3;1;0;6;35;3;3;2;4;1287710271
252;MinPayloadFunction;0;0;0;68;29;17.2;8;29.4;1;5;4.2;4;3;1.69;2;35;0;1;0;1;0;0;0;0;41;16;16;13;24.1;0;20;3;3;36;2.9;0;0;20;1;5;6;0;0;2;13;15;0;6;13;1283201927
253;MMapDirectory;2;0;2;480;222;13.5;77;25.6;4;7.75;4.94;5;7;2.17;2.06;147;10;13;0;5;0;0;0;0;311;95;31.7;98;24;0;0;24;24;229;2.5;0;0;143;5;28;9;0;0;7;26;0;4;7;35;1292717728
254;MultiBits;0;0;0;104;52;17.3;19;24;2;3;6.33;5;4;2.02;2.67;36;4;0;0;4;0;0;0;0;67;15;7.5;17;20.2;7;0;7;7;52;2.6;0;0;35;8;6;7;1;0;4;26;0;2;5;2;1275753210
255;MultiCollector;0;0;0;124;45;33.3;8;33.9;1;6;5.33;11;5;2.2;3.5;49;0;2;4;12;0;0;0;0;69;25;25;33;32.4;0;0;4;4;29;1.4;0;0;39;2;6;6;0;0;3;12;0;0;5;7;1296426876
256;MultiDocsAndPositionsEnum;6;0;6;135;68;19.1;8;16.3;2;5;4.2;7;5;2.29;2.3;56;0;2;0;0;2;0;0;2;95;22;11;15;13.6;4;39;12;8;57;2;4;0;38;5;9;11;0;0;5;19;0;3;10;3;1278979937
257;MultiDocsEnum;6;0;6;119;61;21.3;5;18.5;2;3.5;5.57;7;5;2.41;2.86;52;0;2;0;0;2;0;0;2;82;19;9.5;15;15.5;4;39;12;8;57;2.3;4;0;35;5;6;8;0;0;4;13;0;3;7;2;1278979937
258;MultiFieldQueryParser;6;0;6;350;117;26.5;65;44.9;1;12;7.58;7;7;2.5;4.17;146;22;3;0;0;1;0;0;1;178;61;61;126;41.4;0;0;13;13;47;0.9;0;0;91;6;12;12;0;0;10;33;20;0;5;45;1287780008
259;MultiFields;0;0;0;275;142;23.2;61;21.8;4;3.25;8.69;10;7;2.67;3.62;116;24;8;0;9;2;0;0;2;183;52;26;51;21.8;4;0;19;18;51;0.9;0;1;98;9;11;9;0;0;14;40;18;15;8;6;1292598901
260;MultiFieldsEnum;0;0;0;142;63;20.6;20;23.9;3;2;6.5;9;4;2.14;3.33;62;9;3;0;1;1;0;1;1;86;19;6.3;27;23.9;2;0;6;6;17;0.7;0;0;37;4;6;4;0;0;7;22;0;1;3;1;1270581567
261;MultiLevelSkipListReader;0;0;0;283;125;16;38;26.5;2;8;5.25;10;5;2.13;2.44;116;36;4;0;3;0;0;0;0;167;39;19.5;63;27.4;2;0;7;7;24;0.5;0;0;83;5;16;11;1;2;3;30;0;2;5;13;1295880675
262;MultiLevelSkipListWriter;0;0;0;153;46;23.9;16;45.1;1;5;6.4;5;4;2;3.6;47;13;1;0;4;0;0;0;0;60;19;19;49;45;0;0;4;4;16;0.9;0;0;31;3;6;6;1;2;2;16;0;2;2;11;1270581567
263;MultiNorms;0;0;0;83;33;21.2;15;47;1;1;25;9;6;2.64;9;26;1;1;0;7;0;0;0;0;39;14;14;29;42.6;0;0;11;11;131;11.2;0;0;25;2;1;2;1;0;4;16;1;2;2;2;1294877328
264;MultiPhraseQuery;0;0;0;590;302;18.9;212;14.2;5;7.8;5.79;14;7;2.58;2.62;288;55;20;5;11;1;0;1;1;417;111;22.2;63;13.1;1;84;31;29;138;1.1;2;0;221;7;36;20;0;0;10;58;46;4;14;51;1295896411
265;MultiReader;0;0;0;406;184;17.4;64;26.6;1;35;3.71;14;7;2.08;1.94;203;57;6;5;10;3;0;1;3;274;74;74;90;24.7;0;104;10;8;130;1.6;1;1;125;3;34;35;0;0;17;68;95;0;27;75;1296400215
266;MultiTermQuery;1;0;1;351;77;0;48;53.6;7;2;2.86;1;3;1.75;1;82;2;2;0;1;0;0;0;0;129;36;7.2;149;53.6;1;0;8;8;25;0.6;0;0;46;14;21;13;0;5;9;27;28;22;9;58;1297191928
267;MultiTermQueryWrapperFilter;0;0;0;156;63;19;22;38.5;1;8;5.38;10;7;2.17;2.5;43;11;2;0;8;0;0;0;0;80;25;25;46;36.5;0;0;8;7;39;1.6;1;0;41;4;8;9;0;3;14;32;0;4;7;21;1294747166
268;MultiTerms;0;0;0;97;43;23.3;12;24.7;1;4;7;6;5;1.98;3.75;28;2;2;0;3;2;0;0;2;59;16;16;17;22.4;1;0;4;4;10;0.6;0;0;27;2;3;4;0;0;5;17;0;1;4;2;1295102557
269;MultiTermsEnum;0;0;0;443;245;26.1;59;15.1;4;5.25;9.14;17;6;2.58;4.19;196;41;14;7;17;1;0;0;1;319;79;19.8;60;15.8;5;32;13;11;105;1.1;0;2;171;7;18;17;0;0;17;57;4;2;14;9;1295549635
270;MultiValueSource;0;0;0;137;56;7.1;23;20.4;2;7;2.07;3;4;1.93;1.29;86;30;1;0;3;0;0;0;0;88;20;10;22;20;1;0;4;4;19;0.7;0;0;28;2;14;6;0;0;6;13;0;1;6;14;1296400215
271;NamedThreadFactory;0;0;0;67;21;0;15;47.8;1;3;2.67;2;2;1.14;1.33;23;1;1;0;0;0;0;0;0;28;6;6;20;41.7;0;0;2;2;10;1.2;0;0;8;3;3;4;1;0;0;17;2;0;2;8;1269287493
272;NativeFSLockFactory;0;0;0;330;122;19.7;44;38.5;2;5.5;8.73;15;8;3.11;3.27;75;2;8;5;4;2;0;2;2;169;43;21.5;106;38.5;0;0;15;14;79;1.6;1;0;82;4;11;5;0;0;3;17;8;1;5;27;1296426876
273;NearSpansOrdered;0;0;0;343;155;12.3;90;25.1;1;14;8.29;9;5;2.01;2.92;174;58;7;6;22;1;0;0;1;232;69;69;73;23.9;2;0;18;18;116;1.7;0;0;128;3;15;18;0;0;6;55;45;4;11;18;1295877066
274;NearSpansUnordered;0;0;0;318;172;20.3;94;20.1;3;9.67;4;13;5;2.33;2.54;133;19;9;6;14;2;0;0;2;235;75;25;55;19;1;11;12;12;58;0.8;0;0;111;2;28;22;0;0;6;58;117;4;10;20;1295877066
275;NIOFSDirectory;0;1;1;181;53;0;37;38.1;1;3;14;1;2;1.64;1;46;3;1;0;2;0;0;0;0;96;19;9.5;59;38.1;0;0;2;2;16;0.6;0;0;46;3;7;3;0;0;4;9;3;1;3;19;1283181885
276;NLS;0;0;0;206;85;22.4;43;33;2;6;5;5;5;2.07;2.58;77;11;1;0;4;2;2;0;2;117;33;33;48;29.1;4;0;21;19;132;3.8;0;2;51;5;11;12;1;0;1;41;60;1;4;12;1287369691
277;NLSException;0;0;0;34;3;0;0;82.4;1;1;0;0;1;0.33;0;2;0;0;0;0;0;0;0;0;4;0;0;17;81;0;0;2;2;7;5.8;0;0;0;2;1;1;1;0;1;1;0;0;1;9;1269287493
278;NodeHash;0;0;0;165;85;22.4;24;20.6;1;7;10;12;5;2.53;4.43;54;6;1;2;10;0;0;0;0;116;36;36;30;20.5;1;0;17;17;78;2.2;0;0;71;1;7;8;1;0;6;23;4;1;2;3;1294224724
279;NoDeletionPolicy;0;0;0;41;8;0;1;56.1;1;3;0;1;1;0.5;1;7;0;2;0;0;0;0;0;0;10;3;3;17;63;2;0;3;3;15;5;0;0;0;3;3;4;1;0;1;5;6;0;2;6;1270762451
280;NoLockFactory;0;0;0;70;19;0;2;34.3;2;4;0.63;1;2;1.05;1;17;0;2;0;0;0;0;0;0;33;7;3.5;17;34;0;0;3;3;15;1.5;0;0;5;1;7;5;0;0;3;7;6;0;3;15;1291116159
281;NoMergePolicy;0;0;0;79;21;0;2;43;1;8;0.75;1;2;1.1;1;25;0;2;0;0;0;0;0;0;31;8;8;24;43.6;0;0;3;3;15;1.6;0;0;6;1;8;9;0;0;6;10;34;0;7;3;1292695408
282;NoMergeScheduler;0;0;0;46;7;0;1;60.9;1;3;0;1;1;0.57;1;8;0;2;0;0;0;0;0;0;11;3;3;22;66.7;0;0;3;3;15;4.5;0;0;0;1;3;4;0;0;3;5;6;0;2;2;1296426876
283;NoOutputs;4;0;4;94;32;0;1;25.5;2;5.5;1.36;1;3;1.45;1;38;0;6;0;2;0;0;0;0;54;10;10;18;25;0;0;4;4;17;1;0;0;15;1;8;10;0;0;4;18;7;1;8;1;1292168168
284;NormsWriter;0;0;0;164;76;22.4;29;20.1;1;4;15.5;19;8;3.93;5.5;75;24;3;6;15;0;0;0;0;95;23;23;29;23.4;0;0;13;13;92;3.2;0;0;63;0;4;6;0;0;12;39;13;2;3;21;1298314239
285;NormsWriterPerField;5;0;5;83;38;7.9;10;26.5;1;5;4.2;5;4;1.82;1.8;44;1;0;0;0;1;0;1;1;49;9;9;18;26.9;2;0;4;3;15;1;1;0;21;2;5;7;0;0;9;18;5;2;4;16;1297466174
286;NormsWriterPerThread;0;0;0;45;14;0;1;35.6;1;6;0.67;1;2;1.14;1;29;0;3;0;0;0;0;0;0;22;6;6;12;35.3;0;0;4;4;20;3;0;0;4;0;6;6;0;0;8;8;15;2;1;8;1269287493
287;NoSuchDirectoryException;0;0;0;31;5;0;1;64.5;1;1;1;1;2;0.6;1;3;0;0;0;0;0;0;0;0;7;1;1;14;66.7;1;0;1;1;5;2.4;0;0;1;2;1;1;5;0;0;2;0;3;1;7;1269287493
288;NumericField;14;0;14;278;49;0;17;70.9;1;14;1.71;2;2;1.29;1.07;32;0;1;0;0;0;0;0;0;65;17;17;161;71.2;0;0;2;2;35;1.8;0;0;24;14;14;14;0;0;6;28;31;0;14;21;1297338637
289;NumericRangeFilter;0;3;3;185;33;0;22;54.1;1;14;1;1;2;1.27;1;61;0;0;0;2;0;0;0;0;70;14;14;74;51.4;0;0;9;9;13;0.6;0;0;14;14;14;14;0;0;3;28;71;0;13;19;1297338637
290;NumericRangeQuery;0;4;4;515;125;7.2;120;44.3;2;5.5;9.18;9;4;2.25;1.89;212;7;4;6;25;0;0;0;0;244;92;46;189;43.6;0;0;41;41;158;2.2;0;0;118;14;22;19;0;0;7;42;107;2;16;38;1297338637
291;NumericTokenStream;2;9;11;308;98;2;45;46.4;4;5.25;2.62;2;4;1.95;1.13;77;2;5;0;1;1;1;0;1;135;33;8.3;110;44.9;4;0;22;17;76;1.9;5;0;52;20;24;10;0;0;8;23;0;1;10;31;1297338637
292;NumericUtils;3;0;3;432;141;22;34;47.2;3;6.33;5.74;10;4;2.16;2.79;89;2;8;4;11;0;0;0;0;195;65;21.7;146;42.8;0;0;34;32;136;2.3;2;0;107;19;19;15;1;0;3;30;105;11;12;23;1296056848
293;OffsetAttribute;0;0;0;44;6;0;0;68.2;1;3;0;0;1;0.5;0;4;0;0;0;0;0;0;0;0;7;0;0;23;76.7;0;0;1;1;5;2.4;0;0;0;4;3;3;1;0;1;3;3;6;3;10;1269287493
294;OffsetAttributeImpl;0;0;0;88;29;6.9;1;34.1;1;7;2.43;4;3;1.59;1.43;24;1;0;0;1;0;0;0;0;43;12;12;23;34.8;0;0;2;1;5;0.4;1;0;17;4;7;8;0;0;2;10;0;0;8;10;1297191928
295;OpenBitSet;4;0;4;823;352;14.5;55;38.4;1;58;4.95;9;3;1.94;1.9;281;10;2;1;21;3;0;0;3;413;135;135;250;37.7;5;36;33;32;122;1;0;1;285;53;58;58;0;1;7;74;0;14;57;35;1297191928
296;OpenBitSetDISI;11;0;11;102;32;15.6;18;48;1;6;3.67;4;3;1.75;2;20;0;1;0;4;0;0;0;0;44;12;12;35;44.3;1;0;1;1;5;0.4;0;0;22;7;6;6;0;0;2;16;15;1;6;9;1269287493
297;OpenBitSetIterator;5;0;5;193;63;19;5;37.8;1;6;7.67;6;5;2.22;3;37;0;1;0;0;2;0;0;2;104;20;20;52;33.3;2;40;12;6;40;1.3;5;1;45;3;6;7;0;0;2;10;3;1;5;12;1269287493
298;OrdFieldSource;0;0;0;116;33;9.1;12;47.4;1;8;2.25;1;2;0.91;1;43;1;1;0;5;1;0;1;1;50;15;15;33;39.8;0;0;7;7;35;2.3;0;0;17;2;5;6;0;0;7;17;0;1;5;39;1295962488
299;OrdTermState;0;0;0;38;8;0;2;55.3;1;2;1.5;1;2;1.13;1;8;1;0;0;0;0;0;0;0;13;2;2;14;51.9;1;0;3;3;20;5.1;0;0;3;2;2;4;0;1;1;13;2;3;3;2;1297938719
300;Outputs;4;0;4;57;12;0;7;54.4;1;0;0;0;1;0.58;0;9;0;0;0;2;0;0;0;0;13;0;0;25;65.8;3;0;3;3;15;3.8;0;0;0;8;7;8;1;5;2;9;28;13;8;1;1292168168
301;Packed32;4;0;4;227;90;12.2;16;38.3;1;10;3.5;3;5;2.2;1.3;52;0;0;0;1;1;1;0;1;132;22;22;69;34.3;3;14;8;8;50;1.3;0;0;59;4;10;11;0;0;4;21;0;1;8;4;1296400215
302;Packed64;3;0;3;217;85;10.6;14;40.1;1;10;3;2;5;2.18;1.1;50;0;0;0;1;0;0;0;0;121;19;19;69;36.3;3;14;8;8;50;1.4;0;0;54;4;10;11;0;0;4;19;0;1;8;4;1296400215
303;PackedInts;13;0;13;301;117;29.1;31;42.2;6;3.83;3.09;9;5;2.35;2.63;74;0;1;0;6;0;0;0;0;144;57;9.5;90;38.5;5;0;13;13;91;2.1;0;0;55;29;25;10;1;0;16;35;39;7;9;5;1296426876
304;PackedReaderIterator;9;0;9;111;63;11.1;8;18.9;1;7;6.43;4;4;2;2;29;0;0;0;1;0;0;0;0;77;11;11;17;18.1;5;0;2;2;6;0.3;0;0;43;5;6;8;1;0;2;15;0;1;7;2;1284810631
305;PackedWriter;5;0;5;114;40;17.5;8;34.2;1;4;7;5;4;2.08;2.75;24;0;0;0;1;0;0;0;0;56;9;9;31;35.6;0;0;7;7;26;1.5;0;0;26;0;4;5;0;0;3;16;0;1;4;2;1296400215
306;PagedBytes;4;0;4;343;188;17.6;40;23.9;2;7.5;10.07;6;5;2.85;3.33;73;2;0;0;5;2;0;0;2;231;43;21.5;63;21.4;4;46;15;12;95;1.4;3;0;145;15;13;13;1;0;3;28;0;5;7;9;1290782170
307;PairOutputs;4;0;4;118;49;10.2;26;16.9;2;4.5;2.67;5;4;1.9;1.78;51;0;0;0;2;0;0;0;0;78;21;10.5;14;15.2;6;0;4;4;9;0.4;0;0;26;7;11;16;0;0;4;26;60;1;16;2;1296400215
308;ParallelPostingsArray;0;0;0;58;27;0;11;27.6;1;5;2.6;1;2;1.33;1;33;0;0;0;0;0;0;0;0;33;5;5;12;26.7;0;0;2;2;7;0.7;0;0;13;0;5;5;1;2;1;8;6;8;0;4;1292065621
309;ParallelReader;0;0;0;571;274;20.1;148;18.6;3;13.67;4.95;15;7;2.31;2.37;263;31;15;5;23;1;0;1;1;397;109;36.3;86;17.8;1;0;30;28;218;1.8;1;1;210;6;40;36;0;0;20;112;268;2;28;52;1296080277
310;ParseException;0;0;0;198;91;37.4;32;36.4;1;5;15.8;15;6;3.13;5.8;77;18;7;5;2;3;0;0;3;113;27;27;50;30.7;0;42;34;34;515;15.2;0;0;68;8;5;5;3;0;1;22;0;3;4;66;1285686672
311;Payload;0;28;28;199;67;19.4;13;45.2;1;14;3.29;8;5;2.03;2.14;44;6;0;0;0;3;0;0;3;91;38;38;58;38.9;0;0;4;3;45;1.6;0;1;42;11;14;14;1;0;2;23;0;4;14;17;1297191928
312;PayloadAttribute;3;0;3;36;6;0;0;69.4;1;2;0;0;1;0.33;0;3;0;0;0;0;0;0;0;0;7;0;0;15;68.2;0;0;1;1;5;2.4;0;0;0;3;2;2;1;0;2;2;1;3;2;9;1269287493
313;PayloadAttributeImpl;11;0;11;99;33;12.1;6;31.3;1;9;2.11;6;4;1.67;1.78;28;2;1;0;0;0;0;0;0;51;19;19;17;25;0;0;3;3;40;2.6;0;0;19;3;8;9;0;0;3;15;0;0;9;10;1297191928
314;PayloadFunction;0;0;0;71;13;0;7;66.2;1;1;4;1;2;1.08;1;15;0;0;0;0;0;0;0;0;16;1;1;33;67.3;1;0;2;2;10;2.1;0;0;5;4;5;6;1;3;1;10;15;7;6;14;1297191928
315;PayloadNearQuery;0;0;0;244;131;15.3;81;18.4;3;5;6;10;6;2.2;2.4;148;41;1;4;7;2;0;1;2;177;46;15.3;33;15.7;6;22;5;4;85;1.6;1;0;90;7;15;7;0;0;8;33;7;2;7;24;1297466174
316;PayloadProcessorProvider;0;0;0;81;10;0;3;69.1;3;0;0;0;2;0.7;0;8;0;0;0;0;0;0;0;0;13;0;0;42;76.4;0;0;6;6;39;10;0;0;0;6;3;2;1;0;2;3;1;2;2;2;1296426876
317;PayloadSpanUtil;0;0;0;190;104;24;49;19.5;1;4;18.5;22;6;2.66;7.25;69;16;3;4;14;0;0;0;0;132;28;28;23;14.8;0;0;13;12;82;2.1;1;0;75;3;4;4;1;0;17;37;4;0;2;13;1295877066
318;PayloadTermQuery;0;0;0;230;104;12.5;58;24.8;3;4.67;4.64;8;6;2.6;2.14;75;5;2;0;2;0;0;0;0;148;38;12.7;41;21.7;2;0;3;2;10;0.2;1;0;63;3;14;7;0;0;6;14;9;2;5;18;1297466174
319;PerFieldCodecWrapper;0;0;0;225;81;9.9;63;16;3;2;9.17;5;7;3.9;2;89;10;1;0;1;0;0;0;0;164;40;10;29;15;0;0;11;10;39;0.8;0;1;64;0;16;6;0;0;11;11;3;3;4;8;1298314239
320;PerReaderTermState;41;0;41;148;56;10.7;18;39.9;1;7;4.71;5;6;1.75;1.86;39;10;0;0;2;0;0;0;0;74;16;16;43;36.8;1;0;2;2;15;0.7;0;0;35;9;7;8;1;0;11;27;0;17;7;2;1295299546
321;PersistentSnapshotDeletionPolicy;0;0;0;195;66;10.6;48;45.1;1;8;5.13;5;5;1.79;1.88;47;7;3;0;3;0;0;0;0;91;19;19;69;43.1;0;0;4;4;16;0.6;0;0;44;4;7;7;0;0;17;52;15;0;6;4;1296426876
322;PhrasePositions;0;0;0;74;33;12.1;5;47.3;1;5;3.4;3;3;1.52;1.8;52;0;2;0;0;0;0;0;0;41;12;12;27;39.7;0;0;2;2;15;1.2;0;0;16;0;5;5;1;0;1;10;0;3;0;13;1270581567
323;PhraseQuery;0;2;2;395;206;16.5;153;19;3;7.67;6.7;11;6;2.5;2.65;218;57;12;0;11;2;0;2;2;271;64;21.3;57;17.4;1;85;14;12;96;1.2;2;0;147;6;20;17;0;0;8;49;0;4;13;61;1298592942
324;PhraseQueue;0;0;0;39;10;30;1;46.2;1;2;2.5;1;3;1.3;1;12;0;0;0;0;0;0;0;0;17;7;7;14;45.2;0;0;1;1;5;1;0;0;6;0;2;3;0;0;2;5;3;2;0;12;1269287493
325;PhraseScorer;0;0;0;187;90;22.2;24;32.6;1;12;5.5;7;4;2.17;2.92;59;3;2;1;0;0;0;0;0;120;34;34;52;30.2;0;0;4;3;12;0.3;1;0;63;0;13;13;0;1;7;29;0;1;6;38;1295555804
326;PositionBasedTermVectorMapper;0;0;0;172;55;10.9;15;38.4;2;5.5;2.64;4;4;1.93;1.64;47;2;6;0;0;0;0;0;0;81;15;7.5;35;30.2;2;0;8;7;13;0.5;0;1;29;5;7;6;0;0;4;15;11;0;6;14;1278318805
327;PositionIncrementAttribute;0;7;7;59;5;0;0;83.1;1;2;0;0;1;0.4;0;4;0;0;0;0;0;0;0;0;6;0;0;35;85.4;0;0;1;1;5;2.8;0;0;0;3;2;2;1;0;1;2;1;5;2;10;1283181885
328;PositionIncrementAttributeImpl;0;0;0;97;24;12.5;2;48.5;1;6;2.17;3;3;1.46;1.5;17;1;0;0;0;0;0;0;0;38;11;11;34;47.2;0;0;2;1;5;0.4;1;0;13;2;5;7;0;0;2;13;0;0;7;10;1297191928
329;PositiveIntOutputs;6;0;6;138;68;20.6;17;18.1;1;11;4.36;6;3;1.87;2.36;55;0;6;0;2;4;1;2;4;92;36;36;19;17.1;2;0;13;12;46;1.7;1;0;43;3;10;19;0;0;3;28;101;4;16;1;1292168168
330;PositiveScoresOnlyCollector;0;0;0;63;18;5.6;6;36.5;1;5;1.4;2;3;1.22;1.2;18;1;0;0;0;0;0;0;0;29;6;6;17;37;1;0;2;2;7;0.8;0;0;7;2;5;5;0;0;4;12;0;0;5;10;1294820532
331;PostingsConsumer;5;0;5;100;44;20.5;16;32;2;0.5;29;10;6;2.8;10;28;5;0;0;8;3;0;0;3;56;8;4;26;31.7;1;0;3;3;25;1.5;0;0;29;6;4;5;1;2;6;14;10;6;5;4;1295102557
332;PostingsReaderBase;0;0;0;64;17;0;7;53.1;1;0;0;0;1;0.41;0;7;0;0;0;1;0;0;0;0;18;0;0;30;62.5;2;0;4;4;14;2.6;0;0;0;8;7;8;1;3;6;9;28;7;8;4;1295549635
333;PostingsWriterBase;0;0;0;44;12;0;6;45.5;1;0;0;0;1;0.5;0;8;0;0;0;0;0;0;0;0;13;0;0;14;51.9;5;0;3;3;12;3.1;0;0;0;7;6;7;0;3;4;8;21;7;7;3;1295549635
334;PrefixFilter;0;0;0;47;13;0;10;44.7;1;3;2.33;1;2;1.31;1;10;1;0;0;0;0;0;0;0;16;3;3;15;48.4;2;0;1;1;5;1;0;0;7;3;3;3;0;0;4;10;3;0;3;30;1269287493
335;PrefixQuery;0;0;0;96;47;17;24;27.1;1;6;5.33;7;3;1.62;2.33;34;2;1;0;1;0;0;0;0;58;20;20;21;26.6;0;0;2;1;5;0.3;1;0;32;2;5;6;0;0;8;25;0;2;5;37;1291080135
336;PrefixTermsEnum;0;0;0;50;15;13.3;4;46;1;2;3;3;3;1.13;2;9;0;0;0;0;0;0;0;0;20;5;5;17;45.9;1;0;2;1;5;0.8;1;0;5;2;2;2;0;0;5;6;0;2;1;3;1291080135
337;PreFlexCodec;0;0;0;81;28;0;7;35.8;1;5;1.6;1;2;0.89;1;17;0;0;0;0;0;0;0;0;39;6;6;23;37.1;1;0;2;2;15;1.3;0;0;8;2;5;5;0;0;9;10;10;1;5;6;1291116159
338;PreFlexFields;6;0;6;1111;547;24.1;265;16.9;6;9;7.96;24;9+;3.38;4.06;364;56;15;14;21;6;0;6;6;750;221;36.8;181;19.4;7;0;97;88;695;3.1;9;0;405;8;52;10;0;0;13;36;27;6;5;19;1298314239
339;PriorityQueue;0;0;0;250;88;18.2;14;54.8;1;11;6.36;7;4;2.18;2.91;46;7;1;1;0;0;0;0;0;110;33;33;110;50;0;0;1;1;5;0.2;0;0;66;8;12;13;1;9;0;14;0;20;8;25;1298203152
340;PulsingCodec;0;0;0;163;77;5.2;18;21.5;1;6;8;3;5;1.82;1.67;37;6;0;0;6;0;0;0;0;109;12;12;30;21.6;0;0;1;1;5;0.2;0;0;43;2;6;6;0;0;23;29;9;1;6;8;1298739952
341;PulsingPostingsReaderImpl;6;0;6;482;262;22.9;74;14.9;4;7.25;6.62;15;8;2.98;3.34;174;3;7;4;4;4;4;0;4;359;99;24.8;68;15.9;3;47;43;39;214;2;4;0;175;4;29;8;0;0;13;39;0;1;8;11;1297938719
342;PulsingPostingsWriterImpl;0;0;0;313;146;22.6;43;24.6;2;5.5;9.82;15;8;3.05;4.09;101;1;7;4;12;0;0;0;0;194;38;19;73;27.3;0;0;30;30;133;2.3;0;0;104;2;11;12;0;0;8;39;0;1;10;9;1295549635
343;Query;0;21;21;159;50;12;20;50.9;1;10;3.2;5;3;1.56;1.7;39;4;2;0;1;0;0;0;0;62;23;23;64;50.8;0;0;5;4;50;2.7;0;1;31;6;9;12;1;12;4;29;46;66;12;52;1297191928
344;QueryParser;2;1;3;754;587;42.2;172;12.6;4;7;18.5;45;8;3.65;5.93;398;8;48;13;93;9;1;8;9;625;235;58.8;82;11.6;6;0;191;174;839;4.5;11;6;411;19;28;29;0;1;12;59;118;1;14;106;1293391002
345;QueryParserBase;37;0;37;1157;372;9.7;267;36.7;2;16.5;8.94;20;6;2.39;1.91;526;53;50;11;67;5;0;3;5;608;214;107;283;31.8;2;31;73;67;557;3.1;5;1;328;34;60;61;1;1;33;150;1594;1;32;8;1297464713
346;QueryParserConstants;0;0;0;120;38;0;0;34.2;1;0;0;0;1;0.95;0;42;0;37;0;0;1;0;0;1;73;0;0;38;34.2;0;0;12;11;41;1.9;0;1;0;1;0;1;1;0;0;1;0;2;0;22;1288120493
347;QueryParserTokenManager;1;0;1;1079;837;54.5;149;1.2;1;30;25.77;202;9+;5.09;11.93;615;1;39;18;22;7;2;3;7;1047;383;383;12;1.1;0;339;173;156;1464;4.7;4;13;645;9;30;31;1;0;4;47;255;1;7;47;1293391002
348;QueryTermVector;0;0;0;152;83;13.3;49;17.1;1;11;5.09;6;6;2.47;2.1;62;15;2;0;7;2;0;0;2;105;20;20;15;12.5;5;0;14;14;60;1.9;0;0;55;7;8;10;1;0;7;41;0;0;9;25;1293391002
349;QueryWrapperFilter;0;0;0;82;28;3.6;8;37.8;2;4;2;2;4;1.59;1.13;23;3;0;0;3;0;0;0;0;41;9;9;23;35.9;0;0;2;2;10;0.8;0;0;13;2;5;7;0;0;9;20;0;1;6;24;1294930751
350;RAMDirectory;2;0;2;220;94;13.8;52;31.4;1;15;4.33;4;4;1.77;1.87;49;4;2;1;4;0;0;0;0;129;33;33;50;27.9;0;0;8;7;25;0.6;1;0;63;4;15;15;0;0;9;50;9;1;13;60;1297191928
351;RAMFile;0;0;0;92;35;2.9;7;29.3;1;11;1.45;2;3;1.46;1.09;40;2;8;0;0;1;0;0;1;48;11;11;21;30.4;2;0;2;2;6;0.4;0;0;16;3;10;11;1;1;1;18;21;6;3;18;1297191928
352;RAMInputStream;0;0;0;138;70;15.7;10;15.9;1;9;5.56;5;4;2.2;2.44;47;0;2;0;2;0;0;0;0;96;26;26;18;15.8;0;0;4;3;15;0.5;1;0;48;0;9;10;0;0;3;22;0;1;7;22;1294423355
353;RAMOutputStream;0;0;0;185;93;12.9;22;16.2;1;15;4.53;4;4;2.1;1.87;48;0;0;1;2;0;0;0;0;128;29;29;23;15.2;1;0;4;4;20;0.5;0;0;67;6;15;16;0;0;3;33;0;13;13;28;1280470393
354;RamUsageEstimator;0;0;0;210;92;20.7;42;30.5;1;8;7.63;14;7;2.15;3.63;86;21;3;5;0;0;0;0;0;120;32;32;44;26.8;1;0;17;17;76;2.1;0;0;58;7;8;9;1;0;3;39;26;28;6;14;1292173839
355;ReaderUtil;58;0;58;295;146;15.8;42;28.8;6;3.5;5;7;6;2.58;2.19;119;8;2;0;14;0;0;0;0;191;49;12.3;59;23.6;12;0;11;7;24;0.4;0;4;94;21;20;10;1;0;5;23;43;12;8;22;1296400215
356;RecyclingByteBlockAllocator;0;0;0;161;61;11.5;18;41.6;1;9;4.78;4;3;1.85;1.78;39;0;4;0;0;2;2;0;2;81;16;16;41;33.6;0;0;3;3;15;0.6;0;0;42;8;9;10;0;0;3;19;9;3;9;4;1292211129
357;RegExp;0;0;0;1004;393;11.2;368;38.5;2;5.5;32.27;23;6;2.22;3.9;429;18;5;11;44;2;2;0;2;558;210;105;309;35.6;0;0;97;96;401;2.4;1;0;390;8;46;48;1;0;6;93;602;1;8;3;1285970109
358;RegexpQuery;0;0;0;106;25;4;18;59.4;2;2.5;2.2;2;3;1.27;1.2;15;1;0;0;0;0;0;0;0;34;6;6;45;57;0;0;1;1;5;0.5;0;0;11;4;4;5;0;0;7;17;8;1;4;1;1270581567
359;ReqExclScorer;0;0;0;120;49;22.4;11;40;1;6;6.17;6;5;2.24;2.83;28;0;0;0;1;0;0;0;0;69;26;26;40;36.7;0;0;6;1;5;0.2;5;0;36;0;6;6;0;0;3;13;0;1;5;14;1295555804
360;ReqOptSumScorer;0;0;0;84;25;8;9;39.3;1;5;3;4;3;1.6;1.6;20;0;1;0;2;0;0;0;0;40;11;11;25;38.5;0;0;1;1;5;0.4;0;0;15;0;5;5;0;0;2;10;0;1;5;15;1295555804
361;ReusableStringReader;0;0;0;60;28;10.7;5;33.3;1;4;4.5;4;3;1.93;1.75;34;0;1;0;0;0;0;0;0;36;9;9;16;30.8;0;0;2;2;10;0.9;0;0;17;0;4;5;2;0;0;8;8;2;3;10;1274137954
362;ReverseOrdFieldSource;0;0;0;124;35;8.6;14;46;1;9;2.22;1;2;1;1;47;2;1;0;6;1;0;1;1;54;16;16;35;39.3;1;0;9;9;46;2.8;0;0;19;3;5;6;0;0;7;18;0;1;5;36;1295962488
363;RunAutomaton;0;0;0;168;76;23.7;25;42.9;1;8;7.38;10;6;2.63;3.38;77;9;1;0;0;0;0;0;0;89;25;25;22;19.8;0;0;8;8;34;1.3;0;0;56;7;8;8;1;2;5;21;0;2;7;5;1297191928
364;ScoreCachingWrappingScorer;0;0;0;81;25;4;8;34.6;1;7;1.71;2;3;1.44;1.14;21;0;0;0;0;0;0;0;0;40;8;8;22;35.5;0;0;1;1;5;0.4;0;0;12;2;7;7;0;0;3;14;0;2;7;13;1295555804
365;ScoreDoc;0;1;1;43;9;0;0;55.8;1;2;1.5;1;2;1.11;1;6;0;0;0;0;0;0;0;0;13;2;2;19;59.4;0;0;3;3;25;6.4;0;0;3;4;2;2;1;2;0;8;0;13;2;15;1297191928
366;Scorer;0;12;12;183;42;23.8;13;62.8;2;4.5;2.89;6;4;2.05;1.78;43;0;8;0;2;0;0;0;0;54;17;8.5;82;60.3;0;0;4;4;22;1.4;0;0;23;10;10;8;0;19;6;24;26;63;5;50;1295555804
367;ScorerDocQueue;19;0;19;219;104;10.6;21;36.5;2;9.5;3.84;7;4;2.02;1.84;61;4;2;1;9;1;0;0;1;129;35;17.5;65;33.5;3;0;7;7;35;0.9;0;0;70;13;19;16;1;0;2;24;0;2;12;10;1269287493
368;ScoringRewrite;0;0;0;205;86;4.7;62;23.9;2;3.5;8.71;2;5;3;1.4;100;18;0;0;12;0;0;0;0;133;23;7.7;41;23.6;0;0;9;8;44;1.1;1;0;60;1;8;4;0;2;15;24;4;6;2;6;1294868331
369;SegmentCodecs;0;0;0;132;52;11.5;21;37.9;1;7;4.14;4;5;1.75;1.86;53;11;0;0;5;1;0;1;1;69;13;13;40;36.7;0;0;7;6;18;0.9;1;0;31;0;7;7;1;0;9;37;0;13;1;4;1298314239
370;SegmentInfo;0;0;0;735;382;20.2;167;22.4;1;44;6.75;22;5;2.22;2.93;228;11;5;9;11;2;0;1;2;496;124;124;122;19.7;9;0;30;30;212;1.4;0;0;285;18;34;45;1;0;10;109;428;40;28;66;1298314239
371;SegmentInfos;0;0;0;903;369;20.3;133;31.9;3;16.33;5.84;43;9+;3.06;2.63;232;24;10;7;27;2;1;1;2;507;125;62.5;217;30;11;0;46;37;391;2.6;3;6;261;31;37;51;4;0;11;109;1067;26;36;89;1298314239
372;SegmentInfosReader;0;0;0;40;6;0;1;70;1;0;0;0;1;0.17;0;3;0;0;0;0;0;0;0;0;7;0;0;20;74.1;0;0;2;2;15;7.1;0;0;0;2;1;2;1;1;3;3;1;3;2;1;1278709584
373;SegmentInfosWriter;0;0;0;63;9;0;3;73;1;0;0;0;1;0.33;0;6;0;0;0;2;0;0;0;0;10;0;0;34;77.3;0;0;2;2;15;5;0;0;0;4;3;4;1;1;3;5;6;3;4;1;1278709584
374;SegmentMerger;0;0;0;613;327;21.1;151;17.8;2;10;13.5;12;9+;2.92;4.55;233;15;17;5;60;0;0;0;0;433;82;82;93;17.7;1;0;45;41;294;2.3;1;3;270;1;18;20;1;0;38;105;26;4;2;95;1298314239
375;SegmentReader;0;0;0;1208;621;18.5;251;16.6;4;18.25;6.59;30;6;2.78;2.96;521;47;40;8;39;6;0;1;6;843;237;59.3;172;16.9;5;0;44;40;357;1.4;0;4;464;9;72;61;0;0;28;156;970;9;27;164;1298314239
376;SegmentReadState;0;0;0;57;18;0;1;42.1;1;2;3.5;1;2;1.22;1;26;0;0;0;0;0;0;0;0;27;2;2;18;40;8;0;2;2;15;1.9;0;0;7;9;2;2;1;0;3;3;1;9;2;4;1294224724
377;SegmentTermDocs;0;0;0;239;138;18.8;36;22.2;1;14;7;9;5;2.33;3.29;101;0;9;1;1;0;0;0;0;165;46;46;47;22.2;8;0;6;6;35;0.7;0;0;92;11;14;15;1;1;9;38;31;2;10;35;1297437050
378;SegmentTermEnum;0;0;0;212;104;8.7;35;27.4;1;13;4.92;5;3;1.71;1.77;112;0;2;1;3;0;0;0;0;125;25;25;53;29.8;0;0;12;11;100;2.7;1;0;62;5;13;14;1;0;8;42;0;6;4;37;1296426876
379;SegmentTermPositions;0;0;0;218;97;14.4;21;28.9;1;15;4.53;5;4;1.86;2.13;58;0;1;1;0;0;0;0;0;130;34;34;55;29.7;4;0;5;4;21;0.5;1;0;67;5;14;16;0;0;6;30;26;1;8;36;1296400215
380;SegmentTermPositionVector;0;0;0;67;24;16.7;2;41.8;1;3;5;4;3;1.58;3;27;0;1;0;5;0;0;0;0;32;11;11;19;37.3;0;0;7;5;75;7.8;0;2;15;2;3;4;0;0;4;5;0;1;3;10;1278318805
381;SegmentTermVector;0;0;0;92;40;12.5;13;27.2;1;8;3.13;4;4;1.72;1.63;38;1;4;0;3;0;0;0;0;52;13;13;18;25.7;3;0;8;8;31;2;0;0;25;3;5;8;1;1;2;16;0;3;7;15;1278318805
382;SegmentWriteState;0;0;0;83;36;0;0;41;1;2;9;1;2;1.36;1;33;0;0;0;0;0;0;0;0;40;2;2;26;39.4;10;0;6;6;55;4.6;0;0;18;12;2;2;1;0;5;3;0;27;1;19;1297437050
383;SepPostingsReaderImpl;6;0;6;743;400;17.5;134;13.6;4;7;10.43;9;7;2.91;3.93;287;12;8;0;7;6;4;0;6;535;106;26.5;95;15.1;2;59;48;46;230;1.4;2;0;278;3;28;10;0;0;20;38;21;2;9;18;1297945369
384;SepPostingsWriterImpl;0;0;0;331;176;11.4;60;19;1;11;10.55;9;7;2.12;3;149;0;3;0;3;0;0;0;0;219;32;32;55;20.1;2;0;29;28;82;1.2;1;0;107;3;11;12;0;0;16;48;14;0;11;13;1297945369
385;SepSkipListReader;0;0;0;207;102;22.5;33;15.5;1;11;6.64;10;4;2.05;3.09;97;24;4;0;0;0;0;0;0;149;31;31;25;14.4;0;16;10;10;55;1.2;0;0;70;0;11;11;0;0;5;21;11;2;0;2;1297887586
386;SepSkipListWriter;0;0;0;199;87;18.4;31;29.6;1;7;8.57;8;4;2.03;3.29;99;20;4;0;0;0;0;0;0;116;22;22;50;30.1;0;0;6;6;10;0.3;0;0;58;0;7;8;0;0;4;20;0;1;0;2;1297887586
387;SerialMergeScheduler;0;0;0;43;9;22.2;2;48.8;1;2;2;3;3;1.44;2;8;0;2;0;0;0;0;0;0;16;4;4;17;51.5;0;0;3;3;12;2.5;0;0;5;1;2;3;0;0;4;6;3;0;3;10;1269287493
388;SetBasedFieldSelector;0;0;0;58;15;13.3;2;56.9;1;2;4;3;3;1.47;2;21;0;4;0;3;0;0;0;0;20;4;4;20;50;0;0;3;3;9;1.5;0;0;8;3;2;2;1;0;2;4;0;0;2;10;1269287493
389;SetOnce;0;0;0;77;20;10;5;51.9;2;2.5;1.8;3;3;1.5;1.4;17;0;2;0;0;0;0;0;0;28;6;3;28;50;1;0;1;1;5;0.6;0;0;8;6;4;4;1;0;1;8;0;2;4;2;1296426876
390;ShortFieldSource;0;0;0;115;31;3.2;14;41.7;1;9;1.67;1;2;1.03;1;42;3;0;0;5;0;0;0;0;56;14;14;35;38.5;0;27;3;3;45;2.7;0;0;15;3;6;6;0;0;6;16;3;2;6;25;1269287493
391;ShortValuesCreator;0;0;0;147;60;0;38;12.2;2;3;6;1;3;1.52;1;47;0;1;5;10;0;0;0;0;112;26;26;14;11.1;3;22;9;8;74;2.2;0;1;51;3;8;10;0;0;16;30;25;3;9;5;1294225344
392;Similarity;0;5;5;762;50;4;26;87.7;1;9;3.11;1;2;1.02;1;118;0;0;1;15;0;0;0;0;74;13;13;579;88.7;0;0;4;4;15;0.7;0;0;28;12;11;13;1;1;7;27;76;20;12;66;1297466174
393;SimilarityProvider;0;9;9;66;5;0;0;83.3;1;3;0;0;1;0.6;0;9;0;0;0;0;0;0;0;0;6;0;0;39;86.7;0;0;1;1;5;2.8;0;0;0;4;3;3;1;0;1;3;3;14;3;1;1295896411
394;SimpleEntryKey;0;0;0;77;31;22.6;14;23.4;1;3;5.33;7;5;2.16;3.33;26;3;0;0;1;0;0;0;0;50;16;16;14;21.9;4;0;2;2;10;0.7;0;0;25;5;4;4;0;0;1;14;0;3;4;2;1285538458
395;SimpleFSDirectory;0;0;0;171;50;0;39;27.5;1;3;14;1;2;1.74;1;64;1;4;0;1;0;0;0;0;104;22;7.3;38;26.8;0;0;6;6;51;1.6;0;0;42;3;13;3;0;0;4;8;3;1;3;18;1280470393
396;SimpleFSLockFactory;0;0;0;145;41;19.5;21;42.8;2;5;2.4;5;4;1.73;2;33;0;1;0;0;0;0;0;0;66;24;12;46;41.1;0;0;3;3;15;0.8;0;0;24;4;10;5;0;0;3;18;8;0;5;21;1296426876
397;SimpleStringInterner;0;0;0;85;32;12.5;8;37.6;2;1.5;7;7;4;2.06;3;40;1;3;0;8;1;0;1;1;42;10;5;23;35.4;0;0;6;5;19;1.5;1;0;21;2;3;2;0;0;3;13;0;1;2;9;1269287493
398;SimpleTextCodec;0;0;0;72;25;0;6;34.7;1;6;1;1;2;0.76;1;25;0;1;0;0;0;0;0;0;36;6;6;19;34.5;1;0;2;2;10;0.9;0;0;6;2;6;6;0;0;10;11;15;3;5;3;1291921259
399;SimpleTextFieldsReader;3;0;3;577;353;15.9;119;6.1;7;6.29;5.23;15;7;2.97;2.57;329;19;8;8;44;2;2;0;2;482;125;17.9;29;5.7;6;0;34;32;164;1.1;2;0;221;6;43;9;0;0;13;27;26;6;5;13;1296400215
400;SimpleTextFieldsWriter;0;0;0;150;80;5;39;11.3;3;4.67;2.71;4;4;1.88;1.43;71;0;3;0;0;0;0;0;0;110;20;6.7;13;10.6;1;0;13;13;41;1.2;0;0;38;1;14;10;0;0;10;20;19;4;3;4;1295102557
401;SingleInstanceLockFactory;0;0;0;91;28;3.6;7;31.9;2;3.5;1.86;2;4;1.5;1.14;29;3;2;0;0;0;0;0;0;48;10;5;22;31.4;0;0;3;3;16;1.1;0;0;13;1;7;3;0;0;3;8;0;1;3;14;1269287493
402;SingleTermsEnum;0;0;0;53;13;0;4;54.7;1;2;2;1;2;0.85;1;7;0;0;0;0;0;0;0;0;17;3;3;21;55.3;0;0;1;1;5;1;0;0;4;2;2;2;0;0;5;6;0;2;1;3;1291080135
403;SloppyPhraseScorer;0;0;0;215;97;29.9;27;38.1;1;5;16.8;19;6;2.89;7.6;86;3;3;6;10;0;0;0;0;125;43;43;72;36.5;0;0;9;9;70;1.9;0;0;86;0;5;5;0;0;6;19;0;2;0;27;1295555804
404;SlowMultiReaderWrapper;0;0;0;107;38;7.9;12;39.3;1;7;2.86;4;3;1.32;1.43;32;0;2;0;2;0;0;0;0;54;12;12;34;38.6;1;0;5;5;96;5.9;0;0;20;2;6;7;0;0;9;20;3;0;6;8;1294877328
405;SmallFloat;0;0;0;124;46;21.7;6;47.6;1;6;6.33;4;3;1.93;2.67;42;0;1;0;3;0;0;0;0;57;28;28;46;44.7;0;0;5;5;38;2.2;0;0;37;7;6;7;1;0;0;10;21;1;7;13;1298483754
406;SnapshotDeletionPolicy;0;0;0;367;123;16.3;66;37.3;3;8.33;2.88;9;5;2.12;1.76;118;6;13;0;5;0;0;0;0;189;50;16.7;104;35.5;3;0;8;8;13;0.2;0;0;83;10;26;13;1;1;4;46;20;2;9;23;1289498882
407;Sort;0;0;0;179;34;11.8;12;64.2;1;9;2.11;3;3;1.56;1.44;32;3;4;0;1;1;0;0;1;46;15;15;84;64.6;0;0;3;3;7;0.5;0;0;19;7;9;10;1;0;1;18;15;3;9;33;1297191928
408;SortedIntSet;0;0;0;278;162;27.2;36;9.4;2;6.5;10.08;12;6;2.94;4.38;111;2;1;8;1;4;1;2;4;222;73;36.5;22;9;7;0;10;10;52;0.8;0;0;129;7;13;10;1;0;3;32;0;2;8;2;1296400215
409;SortedTermVectorMapper;0;0;0;133;45;17.8;21;36.8;1;5;6.2;17;5;2.67;4.2;42;0;3;4;0;0;0;0;0;69;21;21;31;31;1;0;6;6;29;1.4;0;0;30;3;4;5;0;0;4;19;2;0;5;11;1278318805
410;SortedVIntList;8;0;8;239;100;13;29;30.1;2;9;3.89;6;5;2.21;2;61;0;3;0;1;1;0;0;1;139;32;16;48;25.7;0;0;13;11;76;1.8;2;0;63;8;14;18;0;0;5;27;107;2;9;17;1269287493
411;SorterTemplate;0;0;0;199;105;26.7;35;19.1;1;7;12.86;11;5;2.42;5.29;61;0;0;2;3;0;0;0;0;136;36;36;32;19;0;0;13;13;42;1;0;0;87;4;11;12;1;5;0;13;66;7;4;8;1295391161
412;SortField;0;1;1;488;219;39.7;96;34.6;1;22;7.77;16;4;2.45;3.77;105;7;1;5;5;2;1;1;2;251;97;97;140;35.8;2;0;33;33;175;2.3;0;0;139;15;17;23;1;0;28;66;0;9;21;50;1297191928
413;SpanFilter;0;0;0;38;5;0;1;76.3;1;0;0;0;1;0.2;0;10;0;0;0;0;0;0;0;0;6;0;0;21;77.8;0;0;1;1;5;2.8;0;0;0;2;1;2;0;2;3;3;1;2;2;9;1295877066
414;SpanFilterResult;0;0;0;116;35;0;3;38.8;3;3.33;1.3;1;3;1.83;1;34;0;6;0;0;0;0;0;0;50;4;1.3;23;31.5;5;0;3;3;11;0.7;0;0;13;7;4;3;1;0;1;4;0;4;3;12;1269287493
415;SpanFirstQuery;0;0;0;90;39;12.8;27;28.9;1;6;4.83;5;2;1.64;2.17;38;1;0;0;0;2;0;1;2;51;17;17;19;27.1;0;0;6;6;62;4.1;0;0;28;2;6;7;0;0;5;25;0;0;5;23;1295877066
416;SpanMultiTermQueryWrapper;0;0;0;241;97;10.3;37;31.5;5;4.4;2.68;4;5;2.11;1.48;82;0;0;0;0;0;0;0;0;136;40;13.3;54;28.4;0;0;11;11;40;1;0;0;54;8;15;10;0;0;11;26;0;1;9;4;1295877066
417;SpanNearPayloadCheckQuery;0;0;0;117;55;20;31;27.4;1;6;7;9;7;2.25;3.17;47;2;2;0;4;1;0;1;1;75;22;22;23;23.5;0;17;11;11;91;4;0;0;44;2;6;6;0;0;6;29;0;0;5;4;1296400215
418;SpanNearQuery;0;0;0;192;105;18.1;56;21.9;1;12;5.5;4;4;1.47;1.89;83;6;3;0;3;1;0;1;1;128;43;43;37;22.4;1;22;11;11;93;2.4;0;0;76;6;13;13;0;1;9;46;0;6;13;29;1295877066
419;SpanNotQuery;0;0;0;213;112;17;77;19.7;1;19;4.68;22;5;1.83;3.69;79;3;3;7;2;1;0;1;1;151;54;54;38;20.1;0;0;13;13;135;3;0;0;76;2;9;13;0;0;7;31;0;1;11;26;1295877066
420;SpanOrQuery;0;0;0;262;148;21.6;106;10.7;2;11.5;5.09;19;5;2.34;3.48;112;16;4;5;9;2;0;1;2;201;76;38;24;10.7;0;13;12;12;137;2.3;0;0;104;4;12;12;0;0;7;42;0;6;11;32;1295877066
421;SpanPayloadCheckQuery;0;0;0;119;54;16.7;33;31.1;1;6;6.67;6;6;2;2.83;50;2;2;0;3;1;0;1;1;72;22;22;27;27.3;0;17;11;11;91;4.2;0;0;41;2;6;6;0;0;6;30;0;0;5;3;1296400215
422;SpanPositionCheckQuery;0;0;0;176;74;21.6;23;26.7;3;5.33;2.63;8;6;2.42;1.81;53;2;4;0;2;0;0;0;0;97;34;11.3;28;22.4;1;12;8;8;33;1.1;0;0;39;3;17;7;0;3;7;13;1;4;6;3;1295877066
423;SpanPositionRangeQuery;0;0;0;105;47;10.6;29;26.7;1;8;4.13;6;2;1.62;2.13;45;1;0;0;0;1;0;1;1;61;21;21;17;21.8;1;0;6;6;62;3.4;0;0;32;4;8;9;0;1;5;26;0;1;7;2;1289846486
424;SpanQuery;0;2;2;41;11;0;3;48.8;1;1;1;1;2;0.45;1;5;0;0;0;0;0;0;0;0;14;1;1;16;53.3;0;0;1;1;5;1.2;0;0;1;3;3;4;0;7;6;6;6;27;4;20;1295877066
425;SpanQueryFilter;0;0;0;102;39;5.1;17;28.4;1;8;2.63;3;4;1.56;1.38;40;9;1;0;4;0;0;0;0;58;11;11;21;26.6;1;0;3;2;6;0.3;1;0;21;3;8;8;0;0;9;29;0;0;7;16;1295877066
426;Spans;0;0;0;87;11;0;7;74.7;1;0;0;0;1;0.64;0;8;0;0;0;0;0;0;0;0;12;0;0;54;81.8;0;0;3;3;15;4.2;0;0;0;8;7;8;1;7;0;9;28;30;8;15;1295877066
427;SpanScorer;0;0;0;120;62;12.9;20;20;1;8;5;4;3;1.71;2.13;38;1;0;0;1;0;0;0;0;81;20;20;18;18.2;0;0;2;1;5;0.2;1;0;38;1;8;8;0;2;5;25;0;3;5;31;1295555804
428;SpanTermQuery;0;0;0;102;55;21.8;31;20.6;1;8;4.63;7;4;1.67;2.5;38;5;2;0;1;0;0;0;0;68;26;26;17;20;0;12;3;2;25;1.2;1;0;34;3;8;8;0;1;11;31;0;4;8;27;1295877066
429;SpanWeight;0;0;0;142;71;2.8;64;18.3;1;7;6.71;3;2;1.54;1.29;59;9;2;0;0;0;0;0;0;91;11;11;20;18;1;0;5;3;14;0.5;2;0;47;2;7;7;0;2;15;45;0;3;7;29;1295896411
430;SpecialOperations;0;0;0;210;89;5.6;90;34.3;1;3;26.67;5;3;1.91;3;121;24;1;0;11;0;0;0;0;125;48;48;27;17.8;2;0;15;15;18;0.5;0;0;103;7;10;10;1;0;4;46;45;3;6;4;1288987640
431;StaleReaderException;0;0;0;36;5;0;1;72.2;1;1;1;1;2;0.6;1;4;0;0;0;0;0;0;0;0;7;1;1;8;53.3;1;0;1;1;5;2.4;0;0;1;2;1;1;4;0;0;2;0;2;1;7;1269287493
432;StandardCodec;0;0;0;150;76;5.3;20;16;1;6;8;3;5;1.87;1.67;41;6;3;0;6;0;0;0;0;109;12;12;20;15.5;2;0;6;6;22;0.7;0;0;43;3;6;6;0;0;20;24;15;2;6;7;1297938719
433;StandardPostingsReader;3;0;3;860;435;17.9;111;16.4;5;7.4;8.57;12;6;2.97;3.49;350;6;8;0;7;4;4;0;4;584;124;24.8;137;19;5;221;38;35;285;1.6;3;0;303;6;37;10;0;0;17;35;21;5;9;13;1297437050
434;StandardPostingsWriter;0;0;0;272;132;15.2;39;22.4;1;10;8.4;8;4;1.84;3.2;120;0;7;0;3;0;0;0;0;170;29;29;54;24.1;1;0;24;23;92;1.8;1;0;77;2;10;11;0;0;13;40;7;2;10;8;1297437050
435;State;0;0;0;276;115;19.1;30;37.3;2;11;4.36;1;5;1.44;1;99;0;1;1;21;4;1;2;4;146;46;23;39;21.1;5;0;22;20;95;2.2;2;0;77;18;19;20;1;0;4;37;96;19;17;9;1297191928
436;StatePair;0;0;0;101;24;8.3;2;60.4;1;6;2.17;4;3;1.54;1.5;31;0;0;0;0;0;0;0;0;32;10;10;15;31.9;0;0;1;1;5;0.5;0;0;12;4;6;6;1;0;1;8;0;2;5;1;1270581567
437;StoredFieldsWriter;0;0;0;153;77;11.7;33;15.7;2;6.5;3.69;4;4;2.04;1.69;84;7;7;0;0;0;0;0;0;105;24;12;20;16;2;15;9;8;52;1.7;0;1;49;2;13;10;1;0;12;36;5;4;3;22;1298314239
438;StoredFieldsWriterPerThread;0;0;0;79;37;8.1;9;26.6;1;5;4.6;2;3;1.81;1.6;32;2;0;0;0;0;0;0;0;47;9;9;17;26.6;4;0;4;4;20;1.4;0;0;22;4;5;6;1;0;9;22;0;2;5;9;1298314239
439;StringHelper;0;0;0;57;12;16.7;2;61.4;1;3;2;3;3;1.42;1.67;15;0;2;0;0;1;0;0;1;16;7;7;23;59;0;0;4;3;20;4.2;0;1;6;4;3;4;1;0;2;7;4;10;2;15;1291116159
440;StringInterner;0;0;0;37;6;0;3;70.3;1;2;1;1;2;1;1;7;0;0;0;0;0;0;0;0;9;2;2;19;67.9;0;0;1;1;5;1.9;0;0;2;3;2;3;1;1;0;6;3;2;3;7;1269287493
441;Term;0;4;4;202;73;17.8;24;45.5;1;17;2.82;10;3;1.64;1.76;84;1;1;4;2;2;0;2;2;91;43;43;71;43.8;0;0;6;6;40;1.5;0;0;46;13;17;19;1;0;2;37;0;58;16;29;1297191928
442;TermBuffer;0;0;0;109;55;12.7;18;25.7;1;7;5;3;3;1.58;2;42;0;1;0;1;2;0;2;2;69;17;17;22;24.2;6;0;7;6;65;3.1;1;0;33;6;7;9;1;0;4;24;0;1;6;18;1291116159
443;TermCollectingRewrite;0;0;0;105;50;14;17;23.8;2;1.5;8;10;4;1.72;4;43;4;2;2;6;0;0;0;0;62;14;7;21;25.3;1;0;6;5;64;3.4;0;1;28;4;7;6;0;3;15;24;13;3;0;5;1294868331
444;TermFreqVector;0;0;0;73;9;0;0;69.9;1;6;0;0;1;0.67;0;11;0;0;0;0;0;0;0;0;10;0;0;35;77.8;0;0;1;1;5;1.7;0;0;0;7;6;6;1;0;1;6;15;14;6;14;1278318805
445;TermInfo;0;0;0;63;26;0;0;33.3;1;5;3;1;2;1.5;1;31;0;1;0;0;0;0;0;0;33;5;5;17;34;7;0;8;8;65;6.6;0;0;15;9;5;5;1;1;0;6;0;6;5;16;1291116159
446;TermInfosReader;0;0;0;374;166;9.6;107;15;4;4.25;5.94;9;7;2.24;2.06;172;11;8;5;6;3;0;3;3;265;82;20.5;49;15.6;3;0;21;19;158;2;2;0;137;6;23;19;1;0;14;53;89;6;5;53;1296400215
447;TermPositionVector;0;0;0;43;4;0;0;79.1;1;2;0;0;1;0.5;0;5;0;0;0;0;0;0;0;0;5;0;0;24;82.8;0;0;1;1;5;3.3;0;0;0;3;2;2;1;0;2;2;1;2;2;9;1269287493
448;TermQuery;0;3;3;267;150;8;102;16.1;2;9;5.83;6;5;2.31;1.83;142;45;4;0;8;0;0;0;0;190;33;16.5;38;16.7;0;18;7;5;43;0.8;2;0;102;4;16;11;0;0;8;30;0;10;9;47;1295896411
449;TermRangeFilter;0;0;0;105;21;0;11;65.7;1;9;1;1;2;1.29;1;24;0;0;0;0;2;0;2;2;24;9;9;52;68.4;0;0;3;3;15;2.1;0;0;9;10;9;9;0;0;3;17;16;0;9;12;1270581567
450;TermRangeQuery;0;0;0;206;88;19.3;33;42.2;1;11;5.82;15;3;1.75;3.55;83;1;2;8;2;0;0;0;0;99;56;56;73;42.4;0;0;4;3;23;0.8;1;0;64;5;8;11;0;0;6;29;0;2;10;21;1291116159
451;TermRangeTermsEnum;0;0;0;131;47;19.1;16;42.7;1;2;15;12;5;1.91;8;40;0;2;2;4;0;0;0;0;65;22;22;43;39.8;0;0;5;5;33;1.7;0;0;28;2;2;2;0;0;4;10;0;1;1;2;1291080135
452;Terms;0;3;3;161;54;16.7;27;46.6;1;9;3.67;3;3;1.67;2;43;12;1;0;0;0;0;0;0;69;23;23;62;47.3;1;0;6;4;13;0.6;0;2;29;12;12;14;1;5;8;26;85;46;12;6;1295549635
453;TermsConsumer;0;0;0;120;59;25.4;24;23.3;1;1;44;16;8;3.47;16;43;6;2;4;11;0;0;0;0;75;15;15;22;22.7;1;0;7;7;60;2.7;0;0;43;6;5;7;1;2;16;22;17;7;6;4;1295889977
454;TermScorer;0;0;0;180;80;15;16;33.3;1;10;5.3;5;5;2.04;2.2;64;1;7;0;0;0;0;0;0;108;24;24;47;30.3;0;0;4;2;10;0.3;2;0;50;0;10;11;0;0;7;27;5;1;8;39;1295555804
455;TermsEnum;0;7;7;249;57;1.8;24;52.2;3;5.67;1.12;2;3;1.66;1.06;43;0;2;1;0;0;0;0;0;87;27;13.5;116;57.1;0;0;9;9;66;2.5;0;0;20;16;14;16;1;9;9;20;118;70;15;7;1295549635
456;TermsHash;0;0;0;113;55;18.2;20;21.2;1;6;6.17;10;4;1.91;2.67;76;7;4;0;9;0;0;0;0;68;14;14;19;21.8;0;0;6;6;11;0.5;0;0;36;0;6;6;0;0;10;21;0;3;3;20;1298314239
457;TermsHashConsumer;0;0;0;28;8;0;3;57.1;1;0;0;0;1;0.38;0;9;0;0;0;0;0;0;0;0;9;0;0;12;57.1;0;0;2;2;15;5.6;0;0;0;0;3;4;1;2;3;5;6;5;0;13;1298314239
458;TermsHashConsumerPerField;0;0;0;39;12;0;8;51.3;1;0;0;0;1;0.67;0;19;0;0;0;0;0;0;0;0;13;0;0;16;55.2;0;0;2;2;15;3.8;0;0;0;0;8;9;1;2;2;10;36;10;0;11;1270581567
459;TermsHashConsumerPerThread;0;0;0;27;7;0;4;59.3;1;0;0;0;1;0.57;0;9;0;0;0;0;0;0;0;0;8;0;0;12;60;2;0;4;4;19;7.9;0;0;0;2;4;5;1;2;4;6;10;8;2;7;1269287493
460;TermsHashPerField;0;0;0;328;185;12.4;51;12.5;2;9.5;6.84;9;5;2.15;2.32;177;11;9;1;8;1;1;0;1;237;44;22;37;13.5;4;46;12;12;103;1.4;0;0;129;5;19;15;0;0;23;45;0;11;7;23;1287917445
461;TermsHashPerThread;0;0;0;99;51;11.8;16;24.2;1;6;5.17;3;3;1.67;2;59;3;1;0;0;0;0;0;0;64;13;13;20;23.8;0;0;2;2;7;0.4;0;0;29;0;6;7;0;0;17;22;0;9;4;16;1286023472
462;TermsIndexReaderBase;0;0;0;75;19;0;11;48;2;0;0;0;2;0.89;0;15;0;0;0;0;0;0;0;0;21;0;0;31;59.6;10;0;6;6;24;3.8;0;0;0;13;11;7;1;2;2;8;21;6;7;3;1294224724
463;TermsIndexWriterBase;0;0;0;36;11;0;5;47.2;2;0;0;0;2;0.82;0;11;0;0;0;0;0;0;0;0;13;0;0;13;50;6;0;3;3;25;6.4;0;0;0;7;5;3;1;2;2;4;3;8;3;4;1295549635
464;TermSpans;0;0;0;169;80;7.5;13;13;2;9;2.5;4;4;1.79;1.33;44;0;2;0;0;0;0;0;0;121;28;14;15;11;2;0;5;5;40;1.1;0;0;44;3;18;12;0;1;5;28;0;4;10;14;1270581567
465;TermState;0;7;7;52;10;10;3;59.6;1;2;2.5;2;3;1.5;1.5;8;0;0;0;0;0;0;0;0;16;5;5;21;56.8;0;0;3;2;35;7.3;0;1;4;2;3;4;1;2;0;7;6;20;4;8;1297938719
466;TermStats;0;0;0;28;7;0;0;57.1;1;1;2;1;2;1;1;8;0;0;0;0;0;0;0;0;9;1;1;12;57.1;3;0;1;1;5;1.9;0;0;2;4;1;1;1;0;0;2;0;16;1;3;1295102557
467;TermToBytesRefAttribute;0;8;8;49;5;0;0;81.6;1;1;0;0;1;0.2;0;6;0;0;0;0;0;0;0;0;6;0;0;33;84.6;0;0;2;2;7;3.9;0;0;0;2;1;1;1;0;2;1;0;5;1;2;1272905807
468;TermVectorEntry;0;0;0;103;44;6.8;4;18.4;1;13;1.77;5;2;1.45;1.31;56;0;7;0;3;4;0;0;4;62;18;18;15;19.5;2;0;6;6;14;0.8;0;0;23;3;9;13;1;0;2;23;32;3;10;9;1278318805
469;TermVectorEntryFreqSortedComparator;0;0;0;40;11;18.2;8;50;1;1;7;3;4;1.73;3;9;2;0;0;1;1;0;1;1;17;3;3;12;41.4;1;0;2;2;20;3.9;0;0;7;2;1;3;1;0;2;9;3;0;3;8;1269287493
470;TermVectorMapper;0;0;0;104;16;0;2;64.4;1;5;0.8;1;2;1.06;1;28;0;4;0;1;0;0;0;0;24;3;3;42;63.6;0;0;1;1;5;0.7;0;0;4;4;5;7;1;4;2;8;17;11;5;10;1283181885
471;TermVectorOffsetInfo;0;0;0;91;33;12.1;1;41.8;1;8;2.5;5;2;1.55;1.5;31;0;2;0;1;0;0;0;0;40;12;12;23;36.5;1;0;10;8;18;1.5;0;2;20;2;4;9;1;0;0;10;2;11;8;12;1297191928
472;TermVectorsReader;0;0;0;547;292;19.2;104;21.2;2;12;9.83;14;6;2.53;3.5;245;7;9;7;42;0;0;0;0;350;81;40.5;96;21.5;2;5;33;33;273;2.6;0;0;223;3;24;22;1;0;14;61;99;4;2;48;1292268032
473;TermVectorsTermsWriter;0;0;0;243;135;14.1;73;11.1;1;14;7.64;5;4;2.33;2.5;129;16;6;0;5;5;0;0;5;178;35;17.5;23;11.4;0;15;14;13;100;1.9;0;1;96;0;14;10;0;0;18;49;0;4;3;26;1294227869
474;TermVectorsTermsWriterPerField;0;0;0;306;161;13;54;13.4;2;7.5;8.13;13;5;2.27;2.6;167;24;5;5;16;0;0;0;0;204;39;19.5;37;15.4;1;0;17;17;89;1.5;0;0;122;1;15;12;0;0;22;42;18;2;2;23;1296400215
475;TermVectorsTermsWriterPerThread;0;0;0;89;41;9.8;7;21.3;1;7;3.43;3;3;1.78;1.57;57;0;3;0;0;0;0;0;0;57;13;13;15;20.8;0;0;4;4;20;1.2;0;0;21;0;7;8;0;0;12;17;16;2;5;9;1270581567
476;TermVectorsWriter;0;0;0;210;120;20;58;19;1;4;26.75;15;7;3.54;7;116;31;6;8;25;0;0;0;0;142;34;34;31;17.9;0;20;13;13;93;2.2;0;0;102;1;4;5;1;0;12;33;0;1;2;26;1278318805
477;ThreadInterruptedException;0;6;6;30;4;0;1;70;1;1;1;1;2;0.75;1;4;0;0;0;0;0;0;0;0;6;1;1;17;73.9;1;0;1;1;5;2.8;0;0;1;2;1;1;4;0;0;2;0;10;1;7;1269287493
478;TimeLimitingCollector;0;0;0;231;70;5.7;16;45;3;5.33;2.06;3;5;1.96;1.25;65;0;10;0;0;0;0;0;0;100;14;4.7;76;43.2;0;0;12;11;79;2.6;1;0;33;4;8;11;0;0;5;21;9;1;9;13;1294820532
479;Token;15;0;15;647;226;5.3;58;46.5;2;20.5;3.98;10;4;1.78;1.46;202;7;4;1;4;3;3;0;3;296;62;31;255;46.3;0;0;8;8;59;0.7;0;0;162;26;35;7;1;0;0;8;19;5;7;113;1295476876
481;TokenFilter;0;0;0;56;13;0;4;50;1;4;1.25;1;2;1.15;1;6;0;0;0;0;0;0;0;0;21;4;4;23;52.3;0;0;1;1;5;0.8;0;0;5;1;4;4;0;1;2;8;0;1;3;23;1269287493
482;Tokenizer;0;0;0;95;27;3.7;9;45.3;1;9;1.33;2;3;1.33;1.11;23;1;1;0;1;0;0;0;0;38;11;11;37;49.3;0;0;1;1;5;0.4;0;0;12;2;9;9;0;1;5;15;6;1;2;28;1270818726
483;TokenMgrError;0;0;0;141;57;42.1;26;38.3;1;6;7.17;15;6;3.35;3.33;63;14;2;2;0;1;0;1;1;73;19;19;31;29.8;0;42;28;28;403;18.4;0;0;32;4;6;6;3;0;0;22;15;2;4;64;1285686672
484;TokenStream;1;16;17;182;31;3.2;13;70.3;1;7;1.71;2;3;1.16;1.14;27;6;5;0;2;0;0;0;0;41;12;12;108;72.5;0;0;8;8;55;4.5;0;0;11;5;8;9;0;3;2;21;16;13;4;40;1283181885
485;TopDocs;0;2;2;55;15;0;1;52.7;1;4;1.5;1;2;1.27;1;12;0;1;0;1;1;0;0;1;20;2;2;22;52.4;1;0;5;5;35;5.8;0;0;6;4;2;4;1;1;1;5;0;7;3;18;1297191928
486;TopDocsCollector;0;0;0;151;28;10.7;16;60.9;1;6;2.67;5;3;1.57;1.83;22;0;0;0;0;0;0;0;0;38;17;17;76;66.7;0;0;3;3;11;1;0;0;16;5;7;8;0;2;4;14;0;2;4;12;1279738110
487;TopFieldCollector;0;0;0;1004;435;28.3;155;22.9;13;3.92;6.84;20;7;3.43;3.53;383;69;8;28;16;0;0;0;0;652;193;14.8;191;22.7;0;493;25;25;645;3.3;0;0;339;2;51;8;0;2;23;32;14;3;2;23;1294830907
488;TopFieldDocs;0;0;0;40;6;0;1;65;1;1;2;1;2;1;1;7;0;0;0;0;1;0;0;1;9;1;1;20;69;0;0;2;2;15;5.6;0;0;2;3;1;1;0;0;3;2;0;3;1;15;1294253125
489;TopScoreDocCollector;0;0;0;166;62;14.5;18;31.9;3;3.67;3.82;5;4;2.24;2;52;1;5;0;5;0;0;0;0;88;26;8.7;43;32.8;0;0;12;10;56;2.1;2;0;40;2;11;6;0;2;9;15;11;3;3;17;1294820532
490;TopTermsRewrite;0;0;0;188;110;14.5;53;20.2;4;2.5;8;12;6;2.76;3.7;104;13;2;4;24;1;0;1;1;132;31;15.5;30;18.5;5;0;21;17;90;2.3;4;0;69;7;7;7;0;3;12;31;0;7;5;3;1296426876
491;ToStringUtils;0;0;0;46;13;30.8;6;50;1;3;2.67;3;4;1.85;2.33;9;0;1;0;0;0;0;0;0;17;8;8;15;46.9;1;0;2;1;5;1;1;0;7;3;3;3;1;0;0;10;3;26;2;12;1288826101
492;TotalHitCountCollector;0;0;0;51;12;0;0;39.2;1;5;0.6;1;2;1;1;13;0;2;0;0;0;0;0;0;22;4;4;14;38.9;0;0;3;3;15;2.3;0;0;3;1;4;6;0;0;3;7;13;0;6;3;1296400215
493;Transition;0;0;0;212;110;27.3;36;36.3;3;4.33;6.69;14;4;2.37;3.69;108;0;2;2;0;2;0;2;2;115;61;20.3;27;19;2;7;33;32;155;4.5;0;1;83;8;13;13;1;0;3;25;10;16;10;4;1297191928
494;TypeAttribute;0;0;0;36;6;0;0;63.9;1;2;0;0;1;0.5;0;4;0;0;0;0;0;0;0;0;7;0;0;17;70.8;0;0;2;2;15;7.1;0;0;0;3;2;2;1;0;1;2;1;3;2;10;1269287493
495;TypeAttributeImpl;0;0;0;76;26;7.7;4;28.9;1;8;1.75;3;3;1.54;1.25;21;1;0;0;0;0;0;0;0;41;13;13;16;28.1;2;0;3;2;6;0.5;1;0;14;4;7;8;0;0;2;12;0;0;8;12;1297191928
496;UnicodeUtil;0;2;2;708;328;28;50;33.5;2;8;19.06;75;9+;3.95;11.81;263;0;18;7;102;0;0;0;0;418;122;61;194;31.7;11;58;67;54;443;3.5;13;0;275;20;16;14;1;0;4;38;83;11;12;21;1288826101
497;UTF32ToUTF8;0;0;0;326;185;17.8;120;19.6;3;5;9.73;11;5;2.72;3.5;138;21;7;0;5;0;0;0;0;231;44;14.7;60;20.6;3;0;13;13;40;0.6;0;0;142;5;14;10;1;0;6;38;31;3;3;5;1297016220
498;Util;0;0;0;326;141;27.7;75;26.4;1;4;15.75;19;7;3;6.25;107;30;9;6;14;0;0;0;0;190;67;67;69;26.6;0;39;16;16;75;1.3;0;0;126;6;8;9;1;0;6;53;16;0;5;3;1298453724
499;ValueSource;0;0;0;86;15;0;6;60.5;1;2;1;1;2;0.67;1;16;0;0;0;0;0;0;0;0;22;2;2;33;60;0;0;2;2;15;2.3;0;0;2;4;6;7;1;4;3;8;21;9;7;47;1297191928
500;ValueSourceQuery;0;0;0;205;79;5.1;38;25.4;2;9;2.67;5;4;2.11;1.28;86;7;2;0;0;0;0;0;0;125;30;10;41;24.7;0;0;2;1;5;0.1;1;0;43;2;19;7;0;1;7;22;9;5;7;33;1295555804
501;VariableGapTermsIndexReader;0;0;0;253;129;14.7;42;11.5;3;6.33;4.16;5;7;2.44;2.05;99;8;2;0;5;0;0;0;0;180;42;14;24;11.8;4;0;13;13;50;0.9;0;0;74;5;18;14;0;0;13;37;61;3;9;2;1295549635
502;VariableGapTermsIndexWriter;0;0;0;290;133;9.8;39;27.9;5;3.2;4.69;5;4;2.15;1.94;114;0;1;0;5;1;0;0;1;176;35;7;72;29;5;20;15;15;70;1.3;0;0;71;9;18;7;0;0;13;25;7;3;3;5;1295549635
503;VariableIntBlockIndexInput;0;0;0;217;106;10.4;26;19.8;4;4;4.06;5;5;2.69;1.73;76;1;1;0;2;2;0;1;2;143;22;5.5;37;20.6;6;69;10;10;100;2.3;0;0;62;7;17;7;0;0;7;11;15;1;5;5;1297453315
504;VariableIntBlockIndexOutput;0;0;0;126;51;7.8;12;31;2;3.5;4.43;4;4;2.31;1.57;43;0;0;0;0;0;0;0;0;69;10;5;33;32.4;0;33;4;4;35;1.7;0;0;29;1;8;8;0;0;4;13;16;1;4;4;1297453315
505;Weight;0;4;4;191;31;6.5;9;69.6;2;2.5;2;2;4;1.71;1.4;22;0;0;0;0;0;0;0;0;38;9;4.5;105;73.4;0;0;5;5;40;3.5;0;0;10;14;11;8;1;11;5;9;28;61;8;25;1297191928
506;VerifyingLockFactory;0;0;0;125;51;7.8;20;29.6;2;4.5;3.33;3;4;2.35;1.44;67;5;7;0;0;0;0;0;0;73;15;7.5;28;27.7;0;0;3;1;5;0.2;0;2;29;2;9;3;0;0;3;7;0;2;3;10;1269287493
507;Version;0;0;0;76;5;0;1;72.4;1;1;1;1;2;0.8;1;4;0;0;0;0;0;0;0;0;13;1;1;41;75.9;1;0;1;1;5;1.3;0;0;1;2;1;5;2;0;0;9;8;7;3;16;1291116159
508;WildcardQuery;0;0;0;114;48;22.9;31;38.6;1;4;7.75;6;6;2.46;2.5;19;5;1;0;0;0;0;0;0;58;10;10;31;34.8;0;0;4;4;21;1.2;0;0;27;4;4;4;0;0;6;22;4;1;4;28;1288987640
509;VirtualMethod;0;0;0;150;43;18.6;23;52;1;4;4.75;7;5;1.86;2.75;53;4;3;0;3;1;0;0;1;60;17;17;62;50.8;0;0;7;6;32;1.8;1;0;25;5;5;6;1;0;0;27;9;0;4;7;1275241944
